Date,Close,High,Low,Open,Volume
2024-04-15,92.00394165260512,92.0764268646235,91.98809233936845,92.06845305438037,1569009.0
2024-04-16,91.99249431954377,92.00788486561578,91.97911361057413,92.00394165260512,1144086.0
2024-04-17,91.91982341605399,91.99249431954377,91.90910792585055,91.99249431954377,17333.0
2024-04-18,91.93017844634232,91.96765535448503,91.90791731582794,91.91982341605399,11811.0
2024-04-19,91.95501741140106,91.96921734745047,91.9176278874802,91.93017844634232,2070973.0
2024-04-20,92.0026636583607,92.03968179933874,91.9517186570265,91.95501741140106,468225.0
2024-04-21,91.98690172934585,92.08347221750955,91.96976349883697,92.0080705570872,659572.0
2024-04-22,92.00870409269557,92.07751916739653,91.95620802142366,91.98341728349988,6363954.0
2024-04-23,91.95464602845823,92.29835001902029,91.86705426908883,92.00870409269557,28806790.0
2024-04-24,91.84175653686542,91.96673782015569,91.84029285114957,91.9302767535919,1181593.0
2024-04-25,91.9048042529248,92.00293673405395,91.79722335280894,91.84175653686542,7664202.0
2024-04-26,91.83122673813341,91.96088307729224,91.55624497653662,91.9048042529248,945492.0
2024-04-27,91.7853172525829,91.87300731920186,91.69240597870886,91.8352573353659,29625.0
2024-04-28,91.75645861331941,91.85816292451636,91.7299702710734,91.7853172525829,851199.0
2024-04-29,91.77139039222675,91.82911859378147,91.7498611045703,91.75645861331941,676475.0
2024-04-30,91.7009259403385,91.81912402340822,91.6433834302552,91.77139039222675,388010.0
2024-05-01,91.67325791109761,91.7913686099455,91.6307345641435,91.7009259403385,414203.0
2024-05-02,91.79933149716089,91.87117225054317,91.66528410085448,91.67325791109761,84067.0
2024-05-03,91.78861600695745,91.84294714688804,91.78778585684995,91.79924411293905,0.0
2024-05-04,91.77139039222675,91.78861600695745,91.77139039222675,91.78861600695745,0.0
2024-05-05,91.8085942246762,91.85073526565975,91.6992765631512,91.77139039222675,310101.0
2024-05-06,91.7893478498154,91.88812478958062,91.76561211055741,91.80813545751153,22154.0
2024-05-07,91.79557397562166,91.84350422130228,91.76965363081763,91.7893478498154,37156.0
2024-05-08,91.81116113619282,91.81116113619282,91.59702063905387,91.79301798713276,5015.0
2024-05-09,91.71165235356966,91.87530115502523,91.71165235356966,91.81116113619282,4022.0
2024-05-10,91.1171556463196,91.83269042384927,91.1171556463196,91.71165235356966,280.0
2024-05-11,91.1196297121005,91.12000109504335,91.11697541636204,91.1171556463196,1562.0
2024-05-12,91.1404326184129,91.1404326184129,91.11678972489062,91.1196297121005,2767.0
2024-05-13,91.76094797771657,91.79448167284863,91.14583951713941,91.14583951713941,170.0
2024-05-14,91.76433411631297,91.79154337838918,91.76094797771657,91.76094797771657,119.0
2024-05-15,91.66152657931525,92.2922986616577,91.2513941956113,91.76433411631297,2.0
2024-05-16,91.66152657931525,91.66152657931525,91.66152657931525,91.66152657931525,1.0
2024-05-17,91.66189796225808,91.66189796225808,91.66152657931525,91.66152657931525,242.0
2024-05-18,91.66152657931525,91.66198534647992,91.66152657931525,91.66189796225808,0.0
2024-05-19,91.78824462401462,91.88849617252345,91.66152657931525,91.66152657931525,2.0
2024-05-20,91.7253935224544,91.78824462401462,91.66198534647992,91.78824462401462,129.0
2024-05-21,91.79099722700266,91.7910846112245,91.72034708364299,91.7253935224544,66.0
2024-05-22,91.78604909544083,91.81720157052769,91.75681907323451,91.79099722700266,5.0
2024-05-23,91.76525165064231,91.7937498299907,91.6933235130382,91.78604909544083,15003.0
2024-05-24,91.78064219671433,91.80437793597228,91.73326902544795,91.76525165064231,11317.0
2024-05-25,91.79448167284863,91.80419224450088,91.75554107899006,91.78064219671433,4266.0
2024-05-26,91.83021089655449,91.8325921165997,91.77863235961195,91.79448167284863,20.0
2024-05-27,91.78778585684995,91.85935353453897,91.78778585684995,91.83021089655449,74.0
2024-05-28,91.69497289022547,91.79053845983799,91.69497289022547,91.78778585684995,555.0
2024-05-29,91.70495653757096,91.70560099620707,91.69497289022547,91.69497289022547,241.0
2024-05-30,91.79154337838918,91.80062041443308,91.70495653757096,91.70495653757096,813.0
2024-05-31,91.76406104061971,91.79154337838918,91.73831546425936,91.79154337838918,261.0
2024-06-01,91.72667151669884,91.80868160889804,91.71100789493357,91.76406104061971,227.0
2024-06-02,91.76754548646568,91.76754548646568,91.72667151669884,91.72667151669884,457.0
2024-06-03,91.84129776970076,91.84129776970076,91.74957710584931,91.76754548646568,227.0
2024-06-04,91.8165571118916,91.86879103049796,91.80905299184087,91.84129776970076,22.0
2024-06-05,91.81573788481182,91.83699409677502,91.8025428673136,91.8165571118916,64.0
2024-06-06,91.8303965880259,91.86787349616861,91.81573788481182,91.81573788481182,227.0
2024-06-07,91.75425216171789,91.83845778249088,91.75232970883737,91.8303965880259,57.0
2024-06-08,91.79448167284863,91.85962661023223,91.75425216171789,91.75425216171789,4511.0
2024-06-09,91.80089349012633,91.82169093492483,91.76726148774469,91.79448167284863,29658.0
2024-06-10,91.75599984615474,91.80483670313697,91.75599984615474,91.80089349012633,14190.0
2024-06-11,91.78118834810084,91.81143421188608,91.73107349687416,91.75599984615474,34086.0
2024-06-12,91.77423037943663,91.79392459843439,91.74380974720772,91.78118834810084,1961.0
2024-06-13,91.81894925496454,91.81894925496454,91.77423037943663,91.77423037943663,0.0
2024-06-14,91.78971923275822,91.83396841809372,91.78971923275822,91.81894925496454,15.0
2024-06-15,91.73629470412924,91.78971923275822,91.72850658535754,91.78971923275822,44.0
2024-06-16,91.79035276836656,91.79035276836656,91.73629470412924,91.73629470412924,30.0
2024-06-17,91.77019978220414,91.79127030269592,91.76635487644307,91.79035276836656,137.0
2024-06-18,91.756272921848,91.77047285789739,91.756272921848,91.77019978220414,44.0
2024-06-19,91.7746891466013,91.7746891466013,91.756272921848,91.756272921848,0.0
2024-06-20,91.7395934585038,91.86219352174885,91.71457972500139,91.7746891466013,42371.0
2024-06-21,91.6648253336898,91.80922776028456,91.61763785389485,91.73364040839078,60815.0
2024-06-22,91.67985541984672,91.72410460518223,91.63440470146088,91.6648253336898,63098.0
2024-06-23,91.65455768762331,91.73483101841339,91.63687330572792,91.67985541984672,55492.0
2024-06-24,91.63834791447154,91.72548090667624,91.62176129686304,91.65455768762331,55281.0
2024-06-25,91.68764353861842,91.7502215644854,91.6388066816362,91.66033596929265,68355.0
2024-06-26,91.63064717992165,91.73656777982251,91.63018841275698,91.68764353861842,65223.0
2024-06-27,91.58089278861007,91.68635462134625,91.5656824724956,91.63440470146088,47931.0
2024-06-28,91.52499965571405,91.6475997189591,91.51290240250275,91.58089278861007,35084.0
2024-06-29,91.55780150798819,91.59885024619871,91.50410936517984,91.52499965571405,5139.0
2024-06-30,91.5485497035006,91.58235647432593,91.45801964967177,91.55780150798819,24249.0
2024-07-01,91.60617959780575,91.65382584476538,91.54598279198397,91.5485497035006,35464.0
2024-07-02,91.56687308251823,91.65593398911733,91.5377359060476,91.60617959780575,34600.0
2024-07-03,91.52390189142716,91.71128097062683,91.48092523882224,91.56687308251823,36668.0
2024-07-04,91.59793817338323,91.65694983069625,91.51280955676704,91.5293961743755,35846.0
2024-07-05,91.70431207893489,91.82141785923159,91.5710893712221,91.60957119791603,38754.0
2024-07-06,91.6379765315287,91.75379339455321,91.61186503373938,91.63449208568272,47451.0
2024-07-07,91.61167934226796,91.79640412572917,91.58785621878815,91.64356912172661,35031.0
2024-07-08,91.61241118512591,91.80446532019414,91.57814564713591,91.61177218800367,35729.0
2024-07-09,91.63018841275698,91.73171795551025,91.59976778052804,91.60957119791603,35795.0
2024-07-10,91.61772523811669,91.7444542058438,91.59958755057049,91.64631080168692,36560.0
2024-07-11,91.63129163855774,91.77431776365847,91.60260776773792,91.62212721829201,34566.0
2024-07-12,91.64952217183964,91.73739792993001,91.60774159077118,91.63413162576762,33950.0
2024-07-13,91.65649106353156,91.74326359582119,91.62460128407292,91.65474337909473,34380.0
2024-07-14,91.65465599487288,91.75544277174049,91.64008467588064,91.651816007663,34769.0
2024-07-15,91.6975398017421,91.7819311139865,91.64722833601628,91.66950038955838,34411.0
2024-07-16,91.68635462134625,91.75241709305921,91.64063082726716,91.68470524415898,36427.0
2024-07-17,91.74372236298588,91.75389170180279,91.61598847670757,91.69341089726004,28828.0
2024-07-18,91.61351441092665,91.77880712805563,91.6000408562213,91.6594184349633,32293.0
2024-07-19,91.76360227345505,91.81371712468172,91.59399496037257,91.60984973512315,35889.0
2024-07-20,91.7456448158664,91.81701587905627,91.73675347129392,91.76360227345505,34917.0
2024-07-21,91.76176720479633,91.79915672871721,91.73831546425936,91.7456448158664,3694.0
2024-07-22,91.75425216171789,91.78220418967976,91.72273922671593,91.76176720479633,14921.0
2024-07-23,91.71082220346216,91.78669355407692,91.69561734886156,91.75425216171789,34506.0
2024-07-24,91.69322520578862,91.80281594300686,91.67866480982411,91.71082220346216,35074.0
2024-07-25,91.6724277609901,91.74343836426488,91.65098585755548,91.68791661431169,26802.0
2024-07-26,91.7044977704063,91.74508774145215,91.6724277609901,91.6724277609901,408.0
2024-07-27,91.70706468192293,91.83195858099134,91.7044977704063,91.7044977704063,800.0
2024-07-28,91.71320342350737,91.72163600091517,91.70706468192293,91.70706468192293,198.0
2024-07-29,91.66775270512153,91.71796586359778,91.66775270512153,91.71320342350737,538.0
2024-07-30,91.68167956547768,91.70284839321903,91.66775270512153,91.66775270512153,694.0
2024-07-31,91.6830558669717,91.68856107294778,91.66336164797394,91.68167956547768,4330.0
2024-08-01,91.61085465367432,91.68983906719224,91.61085465367432,91.6830558669717,672.0
2024-08-02,91.5966547176249,91.67444852112021,91.59188681602063,91.61085465367432,4907.0
2024-08-03,91.62386397970114,91.62386397970114,91.59014459309766,91.5966547176249,28.0
2024-08-04,91.68167956547768,91.68167956547768,91.62386397970114,91.62386397970114,1.0
2024-08-05,91.71733232798942,91.71733232798942,91.68167956547768,91.68167956547768,13.0
2024-08-06,91.78220418967976,91.78220418967976,91.71054912776889,91.71733232798942,184.0
2024-08-07,91.78220418967976,91.78220418967976,91.78220418967976,91.78220418967976,0.0
2024-08-08,91.78220418967976,91.78220418967976,91.78220418967976,91.78220418967976,0.0
2024-08-09,91.78220418967976,91.78220418967976,91.78220418967976,91.78220418967976,0.0
2024-08-10,91.71347649920061,91.78220418967976,91.71347649920061,91.78220418967976,3.0
2024-08-11,91.71347649920061,91.71347649920061,91.71347649920061,91.71347649920061,0.0
2024-08-12,91.72264091946636,91.72264091946636,91.71347649920061,91.71347649920061,1.0
2024-08-13,91.72264091946636,91.72264091946636,91.72264091946636,91.72264091946636,0.0
2024-08-14,91.72264091946636,91.72264091946636,91.72264091946636,91.72264091946636,0.0
2024-08-15,91.73034165401621,91.73034165401621,91.69561734886156,91.72264091946636,39.0
2024-08-16,91.73034165401621,91.73034165401621,91.73034165401621,91.73034165401621,0.0
2024-08-17,91.73034165401621,91.73034165401621,91.73034165401621,91.73034165401621,0.0
2024-08-18,91.69762718596394,91.73034165401621,91.69762718596394,91.73034165401621,6.0
2024-08-19,91.69762718596394,91.69762718596394,91.69762718596394,91.69762718596394,0.0
2024-08-20,91.68929291580571,91.77744174958934,91.68929291580571,91.69762718596394,303.0
2024-08-21,91.71017774482607,91.77579237240207,91.68929291580571,91.68929291580571,103.0
2024-08-22,91.71549725933073,91.7520566331441,91.71017774482607,91.71017774482607,33.0
2024-08-23,91.70441038618446,91.71549725933073,91.70056548042339,91.71549725933073,17.0
2024-08-24,91.73189272395393,91.77752913381119,91.70441038618446,91.70441038618446,22.0
2024-08-25,91.73593424421414,91.76122105340983,91.7205327751144,91.73189272395393,3887.0
2024-08-26,91.71925478086996,91.77863235961195,91.7075234490876,91.73593424421414,3883.0
2024-08-27,91.72850658535754,91.80538285452349,91.68315417422127,91.71925478086996,4048.0
2024-08-28,91.7117397377915,91.7835804911738,91.69368397295328,91.72850658535754,4045.0
2024-08-29,91.70697729770109,91.73656777982251,91.69625088446992,91.7117397377915,1898.0
2024-08-30,91.67994280406856,91.7326354898396,91.67554082389326,91.70697729770109,3707.0
2024-08-31,91.68718477145376,91.70806960047412,91.6788395782678,91.67994280406856,1809.0
2024-09-01,91.73345471691935,91.73345471691935,91.68718477145376,91.68718477145376,130.0
2024-09-02,91.70284839321903,91.73345471691935,91.68415909277246,91.73345471691935,363255782.0
2024-09-03,91.6698608494735,91.70284839321903,91.65868659210537,91.70284839321903,361859264.0
2024-09-04,91.6902978343569,91.7177910951541,91.6698608494735,91.6698608494735,349964410.0
2024-09-05,91.66812408806436,91.72429029665363,91.66812408806436,91.6902978343569,348410318.0
2024-09-06,91.67985541984672,91.6884627656982,91.62826595987643,91.66812408806436,336893040.0
2024-09-07,91.6902978343569,91.71284296359227,91.6724277609901,91.67985541984672,330338693.0
2024-09-08,91.68123172134074,91.70715206614477,91.68123172134074,91.6902978343569,333986513.0
2024-09-09,91.73812977278796,91.73812977278796,91.68123172134074,91.68123172134074,338359889.0
2024-09-10,91.6784791183527,91.73812977278796,91.6784791183527,91.73812977278796,341484162.0
2024-09-11,91.71201281348476,91.71201281348476,91.6784791183527,91.6784791183527,337958907.0
2024-09-12,91.70037978895198,91.71201281348476,91.68159218125584,91.71201281348476,344136434.0
2024-09-13,91.73034165401621,91.73034165401621,91.69102967721483,91.70037978895198,348312892.0
2024-09-14,91.70963159343957,91.73034165401621,91.70963159343957,91.73034165401621,358327777.0
2024-09-15,91.71192542926292,91.71192542926292,91.70358023607696,91.70963159343957,353148417.0
2024-09-16,91.68259709980703,91.71192542926292,91.67756158402335,91.71192542926292,334404747.0
2024-09-17,91.69946225462263,91.72796043397102,91.68232402411377,91.68259709980703,342724090.0
2024-09-18,91.70184347466784,91.74316528857162,91.67298483540435,91.69946225462263,340562391.0
2024-09-19,91.70184347466784,91.70184347466784,91.70184347466784,91.70184347466784,358806589.0
2024-09-20,91.6960651929985,91.70184347466784,91.686081545653,91.70184347466784,370165121.0
2024-09-21,91.71687356082475,91.71687356082475,91.6960651929985,91.6960651929985,370887169.0
2024-09-22,91.70908544205304,91.73894899986772,91.70908544205304,91.71687356082475,377870383.0
2024-09-23,91.71109527915542,91.71109527915542,91.70908544205304,91.70908544205304,388480342.0
2024-09-24,91.70340546763327,91.7166004851315,91.67077838380281,91.71109527915542,392910644.0
2024-09-25,91.70340546763327,91.70340546763327,91.70340546763327,91.70340546763327,390154125.0
2024-09-26,91.70340546763327,91.70340546763327,91.70340546763327,91.70340546763327,390933982.0
2024-09-27,91.70340546763327,91.70340546763327,91.70340546763327,91.70340546763327,396775835.0
2024-09-28,91.70340546763327,91.70340546763327,91.70340546763327,91.70340546763327,399436999.0
2024-09-29,91.70340546763327,91.70340546763327,91.70340546763327,91.70340546763327,398326912.0
2024-09-30,91.70340546763327,91.70340546763327,91.70340546763327,91.70340546763327,389199177.0
2024-10-01,91.70340546763327,91.70340546763327,91.70340546763327,91.70340546763327,380215396.0
2024-10-02,91.75370601033137,92.04563484945174,91.68315417422127,91.70340546763327,364290555.0
2024-10-03,91.8346128767298,92.02135295880726,91.62267336967851,91.75370601033137,351928443.0
2024-10-04,91.84359160552413,91.96032600287799,91.70220393458293,91.84542667418282,356909218.0
2024-10-05,91.82252108503235,92.01283299717761,91.59784532764752,91.84359160552413,360922852.0
2024-10-06,91.82242277778278,91.95519217984474,91.73281025828328,91.82252108503235,361842031.0
2024-10-07,91.81500604195391,92.11564053417533,91.56980591546382,91.82242277778278,367835266.0
2024-10-08,91.78843031548604,91.89591290835233,91.62176129686304,91.81500604195391,361432413.0
2024-10-09,91.74435589859422,91.93512657790416,91.55633782227233,91.78815723979278,359746107.0
2024-10-10,91.75764922334201,91.99542169097549,91.44289671777915,91.74343836426488,353868723.0
2024-10-11,91.80941345175599,92.0138379157288,91.61616870666512,91.75764922334201,361091716.0
2024-10-12,91.82425784644147,91.91332421455445,91.59518557039519,91.80941345175599,364055274.0
2024-10-13,91.82701044942951,91.92963229495581,91.66564456076958,91.82425784644147,366943806.0
2024-10-14,91.80757838309727,91.9390697909148,91.67013392516674,91.82701044942951,380991495.0
2024-10-15,91.78632217113409,92.00788486561578,91.58263501153304,91.80757838309727,374179547.0
2024-10-16,91.82939166947472,92.03573858632808,91.67389144670597,91.81262482190868,385211968.0
2024-10-17,91.78999230845147,91.95986723571332,91.43840735338199,91.82939166947472,386818673.0
2024-10-18,91.80703223171076,91.98873679800454,91.71384788214345,91.78999230845147,392636969.0
2024-10-19,91.79924411293905,91.88555787806399,91.74078406852641,91.80703223171076,393703031.0
2024-10-20,91.79557397562166,91.86530658465199,91.70926021049672,91.79924411293905,396548636.0
2024-10-21,91.76982839926131,91.93879671522154,91.62029214963331,91.79512613148472,401162240.0
2024-10-22,91.7590146018083,91.90526302008948,91.65208908335626,91.76982839926131,391238341.0
2024-10-23,91.76598349350024,91.87749668359903,91.39131271932274,91.7590146018083,383596551.0
2024-10-24,91.77340022932911,92.07697301601002,91.6388066816362,91.72483644804015,376640068.0
2024-10-25,91.60709713213511,92.05974740127931,91.25936800585443,91.76552472633557,368023622.0
2024-10-26,91.71787847937594,91.8779554507637,91.51583523544834,91.60709713213511,361986983.0
2024-10-27,91.72108984952865,91.81490773470432,91.51940706551613,91.71787847937594,365535143.0
2024-10-28,91.76955532356807,92.1237017286403,91.52481396424264,91.72108984952865,374679564.0
2024-10-29,91.82444353791287,92.16080725384018,91.66033596929265,91.76955532356807,386909128.0
2024-10-30,91.79026538414472,92.08292606612304,91.48046647165755,91.7971359685871,387025850.0
2024-10-31,91.69368397295328,91.95610971417409,91.55367806502,91.79026538414472,376315294.0
2024-11-01,91.75965906044439,92.11270223971587,91.5251798856716,91.69368397295328,369771362.0
2024-11-02,91.80584162168816,91.9142417488838,91.61854992671034,91.77982296963455,369692899.0
2024-11-03,90.73836142917389,91.86283798038494,89.04414521306353,91.80584162168816,364878109.0
2024-11-04,88.88865045180866,91.46608084413673,87.28019638792286,90.6096226243444,355849788.0
2024-11-05,91.88106851366683,95.2936954523102,88.04832008246012,88.53138552231938,270143794.0
2024-11-06,91.8676878046972,92.20497997798157,91.4361189790725,91.88106851366683,354052053.0
2024-11-07,91.87923344500814,92.22366927842813,91.6413626701251,91.91460220879891,385042241.0
2024-11-08,91.85916784306755,92.13716982183178,91.52087621274586,91.84139607695033,405503545.0
2024-11-09,91.82792798375885,92.16731737836744,91.49989307647591,91.8546784786704,421299545.0
2024-11-10,91.97003657453024,92.47565260513875,91.2978498325483,91.82792798375885,274878177.0
2024-11-11,91.9290861435693,92.21542239249175,91.72529521520482,91.97003657453024,409851257.0
2024-11-12,91.85807554029452,92.21625254259926,91.4990683878823,91.89325861261386,460881708.0
2024-11-13,91.8899598582393,92.29605618319694,91.58693868445881,91.86530658465199,447162655.0
2024-11-14,91.79585797434264,92.19435187199996,91.55954373091117,91.8899598582393,444633222.0
2024-11-15,91.83470026095165,92.08970926634356,91.56971306972811,91.79585797434264,432073482.0
2024-11-16,91.82371169505495,91.99569476666875,91.56650716108925,91.82425784644147,447472624.0
2024-11-17,91.82297985219702,92.19746493490311,91.46360677835582,91.82371169505495,440609322.0
2024-11-18,91.85449278719898,92.04279486224186,91.68497831985223,91.82297985219702,439721385.0
2024-11-19,91.91515928321314,92.09273494502486,91.63586838717674,91.85449278719898,438669086.0
2024-11-20,91.83406672534329,92.16439000693572,91.61167934226796,91.91515928321314,432447888.0
2024-11-21,91.91478790027031,92.14587547493284,91.39149294928029,91.83406672534329,452298488.0
2024-11-22,91.88180035652476,92.11242916402261,91.66537148507632,91.91478790027031,465599205.0
2024-11-23,91.86897672196939,92.24208550318144,91.5763105784772,91.89242846250636,473097412.0
2024-11-24,91.88775340663778,92.06891182154504,91.69900348745796,91.86897672196939,471040290.0
2024-11-25,91.7746891466013,92.20827873235612,91.57072344979315,91.84707605137008,474296987.0
2024-11-26,91.74637665872433,92.03674350487927,91.39772453660042,91.85751846588028,466755411.0
2024-11-27,91.88666110386475,92.14990607216532,91.3115036172112,91.74637665872433,484868630.0
2024-11-28,91.78018342954965,92.0625873884892,91.63779084005728,91.87649176504783,497495381.0
2024-11-29,91.84331852983088,92.0146680658363,91.59802555760507,91.78018342954965,496465266.0
2024-11-30,91.82774229228744,91.98561281207367,91.60755589929977,91.8161966519765,514057389.0
2024-12-01,91.82398477074821,92.08347221750955,91.61397317809131,91.82774229228744,515845479.0
2024-12-02,91.83177288951993,92.1479836192848,91.52747372149499,91.81317097329519,504839393.0
2024-12-03,91.84166915264359,92.0126473057062,91.66803670384252,91.78375525961748,507320260.0
2024-12-04,91.86603842750992,92.16548230970875,91.52912309868225,91.83452549250796,519146718.0
2024-12-05,92.03903734070263,92.16548230970875,91.65841351641212,91.86603842750992,536550540.0
2024-12-06,92.0307030705444,92.35451622760957,91.68497831985223,91.9112160702025,558538691.0
2024-12-07,91.95684155703202,92.12654171585018,91.86567796759482,92.0307030705444,572488302.0
2024-12-08,91.95803216705463,92.02832185049921,91.7414285271625,91.97544347325673,564745521.0
2024-12-09,91.9895560250843,92.5739707777393,91.55267314646882,91.88720725525127,543127611.0
2024-12-10,91.97443855470557,92.34910932888306,91.64265158739727,91.9895560250843,517474775.0
2024-12-11,91.96903165597905,92.15485420372715,91.59610310472453,91.97443855470557,527470197.0
2024-12-12,91.9272510749106,92.32446697832347,91.51602092691975,91.96903165597905,547695241.0
2024-12-13,91.90608224716927,92.09969291368908,91.661253503622,91.9272510749106,551729591.0
2024-12-14,91.88042405503076,92.11407854120989,91.7544378531893,91.90251041710144,555171687.0
2024-12-15,91.87868729362162,92.03390351766939,91.72493475528971,91.8462459012626,552468897.0
2024-12-16,91.90708716572043,92.35424315191631,91.62927087842763,91.81747464622094,559821214.0
2024-12-17,91.89344430408528,92.21853545539489,91.7205327751144,91.90708716572043,600280565.0
2024-12-18,91.86054414456159,92.1782185600423,91.34833606671783,91.89344430408528,579776622.0
2024-12-19,91.83910224112697,92.23365292577364,91.30124143265856,91.86054414456159,544549534.0
2024-12-20,91.87603299788316,92.1874812875576,91.43721674335939,91.83910224112697,513650954.0
2024-12-21,91.91148914589576,92.05250543389411,91.6094783521803,91.87603299788316,518218906.0
2024-12-22,91.8394736240698,92.09006972625866,91.57429527986095,91.91148914589576,506926587.0
2024-12-23,91.76946793934621,92.18848620610879,91.46342654839826,91.8394736240698,505979043.0
2024-12-24,91.91130345442434,92.02492478887507,91.619008693875,91.76946793934621,523243620.0
2024-12-25,91.80400655302947,92.03803242215145,91.64750141170953,91.91130345442434,534355460.0
2024-12-26,91.80427962872272,92.09538924076332,91.60325222637402,91.80400655302947,513966383.0
2024-12-27,91.78504417688964,92.05277850958737,91.61928723108213,91.80427962872272,512945325.0
2024-12-28,91.73831546425936,91.8951810654944,91.65538783773083,91.78504417688964,515185349.0
2024-12-29,91.76103536193841,91.84212791980826,91.53498876457343,91.73831546425936,515319341.0
2024-12-30,91.73758362140143,92.21652561829251,91.46590061417918,91.76103536193841,511459061.0
2024-12-31,91.72603798109049,91.94823421118053,91.63486346862555,91.73758362140143,514245630.0
2025-01-01,91.71420834205855,91.76204028048959,91.57905771995138,91.72603798109049,511693514.0
2025-01-02,91.81968109782247,91.97819607624479,91.65676413922483,91.71420834205855,521346440.0
2025-01-03,91.8588947673743,91.98186621356217,91.60874650932237,91.81968109782247,531698141.0
2025-01-04,91.89206800259126,92.05709310554084,91.62120968396268,91.8588947673743,548904556.0
2025-01-05,91.87620776632684,91.94099224379534,91.74243344571369,91.89206800259126,550337397.0
2025-01-06,91.9302767535919,92.18299192316043,91.6060922135839,91.87620776632684,553920672.0
2025-01-07,91.9005879642209,92.05947432558605,91.71384788214345,91.9302767535919,539392889.0
2025-01-08,91.9264209248031,92.2450237976409,91.58409869724893,91.9005879642209,503626712.0
2025-01-09,91.92257601904203,92.10363612669971,91.52170090133951,91.9264209248031,498198323.0
2025-01-10,91.94768805979402,92.24108058463025,91.6090250465295,91.92257601904203,497320721.0
2025-01-11,91.90140719130068,92.03354305775429,91.65685152344668,91.94768805979402,496921717.0
2025-01-12,91.87117225054317,92.0188843545402,91.62285906114992,91.90140719130068,502170935.0
2025-01-13,92.04600623239457,92.41746563641937,91.68232402411377,91.87117225054317,492289284.0
2025-01-14,92.07193750022633,92.23521491873908,91.82627860657159,92.04600623239457,500508733.0
2025-01-15,92.08668358766226,92.28442315866414,91.83195858099134,92.07193750022633,516352984.0
2025-01-16,92.0679942872157,92.32839926830637,91.88831048105203,92.08668358766226,522731457.0
2025-01-17,92.09960552946724,92.24905439487338,91.71906908939853,92.0679942872157,531515396.0
2025-01-18,92.0152142172228,92.24676055905002,91.6168131653012,92.09960552946724,518987481.0
2025-01-19,92.02070850017117,92.35103178176358,91.4901825048237,92.0152142172228,511497408.0
2025-01-20,92.0489336038263,92.39180744428086,91.74207298579859,92.02070850017117,506247606.0
2025-01-21,92.10152798234776,92.34553749881525,91.68324155844311,92.0489336038263,505802421.0
2025-01-22,92.09392555504748,92.26939307250723,91.82673737373625,92.10152798234776,509623013.0
2025-01-23,92.15100929796608,92.36239173060312,91.79667720142243,92.09392555504748,500999492.0
2025-01-24,92.04838745243978,92.29853571049172,91.89710351837493,92.15100929796608,514917000.0
2025-01-25,92.0537943511663,92.2638004823093,91.86421428187894,92.04838745243978,505767969.0
2025-01-26,91.99853475387863,92.21102041231643,91.86778611194677,92.0537943511663,504713831.0
2025-01-27,92.06204123710268,92.30054554759408,91.78999230845147,91.99853475387863,476573347.0
2025-01-28,92.01218853854152,92.2259631142515,91.75462354466072,92.06204123710268,483999346.0
2025-01-29,92.07202488444817,92.51074829323625,91.74105714421968,92.01218853854152,475319697.0
2025-01-30,92.07789055033936,92.27333628551787,91.88528480237073,92.07202488444817,489763683.0
2025-01-31,92.02840923472105,92.34269751160537,91.86906410619122,92.07789055033936,497007357.0
2025-02-01,92.05983478550117,92.31520425080816,91.77019978220414,92.02840923472105,488911855.0
2025-02-02,92.02538355603974,92.2301794029554,91.74289221287836,92.05983478550117,460838119.0
2025-02-03,92.22285005134835,92.41911501360664,91.52380904569145,92.02538355603974,405792346.0
2025-02-04,92.29513864886758,92.48755870536479,91.74756726874692,92.22285005134835,424597954.0
2025-02-05,92.19819677776104,92.43395940829214,91.89224277103494,92.29513864886758,425083506.0
2025-02-06,92.15027745510815,92.45439639317556,91.87163101770784,92.19819677776104,425253928.0
2025-02-07,92.17207981845786,92.42846512534379,92.03986749081014,92.15027745510815,415872142.0
2025-02-08,92.1542206681188,92.3636806478753,92.03014599613016,92.17207981845786,44351293.0
2025-02-09,92.15769419093704,92.35653698773966,91.74087145274825,92.1542206681188,412131052.0
2025-02-10,92.18756867177945,92.37587074682233,91.90342795143079,92.15769419093704,412247714.0
2025-02-11,92.13524736895124,92.34424858154307,91.98974171655573,92.18756867177945,412016112.0
2025-02-12,92.22550434708683,92.38136502977069,91.96253245447951,92.13524736895124,408642375.0
2025-02-13,92.23521491873908,92.54877135276547,92.02400725454572,92.22550434708683,412349176.0
2025-02-14,92.20681504664026,92.42278515092403,92.00293673405395,92.23521491873908,422393224.0
2025-02-15,92.23951859166482,92.32849757555596,92.08338483328771,92.20681504664026,46653326.0
2025-02-16,92.26508939958148,92.35818636492695,92.00477180271264,92.23951859166482,45111743.0
2025-02-17,92.20369106070939,92.3434293544633,91.92898783631973,92.26508939958148,424086224.0
2025-02-18,92.15512727942041,92.42195500081652,92.03454797630548,92.20369106070939,417305800.0
2025-02-19,92.21368563108263,92.50542877873158,91.95775909136137,92.15512727942041,420940584.0
2025-02-20,92.24905439487338,92.38236994832187,92.01182807862642,92.21368563108263,425743978.0
2025-02-21,92.19197065195476,92.41068243619884,91.82480399782798,92.24905439487338,426333071.0
2025-02-22,92.22926186862605,92.4769305993832,92.13323753184886,92.19197065195476,46461856.0
2025-02-23,92.2058975123109,92.43322756543421,92.12828940028703,92.22926186862605,47558065.0
2025-02-24,92.26407355800256,92.54079754252236,91.9841491263578,92.2058975123109,418387048.0
2025-02-25,92.19362002914204,92.54895704423689,91.83937531682022,92.26407355800256,382680002.0
2025-02-26,92.17052874852016,92.58138751356819,91.9078299316061,92.19362002914204,380805175.0
2025-02-27,92.18756867177945,92.49534682413652,91.87941913647956,92.17052874852016,366768336.0
2025-02-28,92.27479997123373,92.61253998865504,91.79200214555385,92.18756867177945,344737089.0
2025-03-01,92.24667317482817,92.39867802872322,91.88702156377985,92.27479997123373,46165631.0
2025-03-02,92.27699549980751,92.51578380901992,91.87098655907175,92.24667317482817,365961715.0
2025-03-03,92.25143561491858,92.74906691225624,91.93742041372754,92.27699549980751,368458640.0
2025-03-04,92.43982507418332,92.78380214043864,91.97719115769361,92.25143561491858,338476095.0
2025-03-05,92.49993449578324,92.70160635676802,92.1351599847294,92.43982507418332,353653488.0
2025-03-06,92.42140884943001,92.71910504719199,92.22477250422891,92.49993449578324,361308266.0
2025-03-07,92.4129762720222,92.76987528008249,92.23274631447202,92.42140884943001,349909955.0
2025-03-08,92.46886940491822,92.66128946141542,92.30906550922373,92.4129762720222,48175733.0
2025-03-09,92.48600763542709,92.9466207917867,92.2431887289822,92.46886940491822,342339097.0
2025-03-10,92.5773569163357,92.82237135135438,92.17996624447915,92.48600763542709,324543969.0
2025-03-11,92.66083069425076,92.92793149134015,92.17565164852567,92.5773569163357,309163163.0
2025-03-12,91.15793130883685,93.94372937814842,89.38252968912091,92.66083069425076,304473792.0
2025-03-13,92.93003963569208,94.4611532017334,90.95992412365558,91.15793130883685,310842980.0
2025-03-14,91.1814813566234,92.95862519926231,89.84397299558805,92.93003963569208,310443838.0
2025-03-15,90.01431215152842,91.31232830580483,89.41945498436324,91.1814813566234,47826653.0
2025-03-16,92.03436228483406,92.70636879685844,89.96593406171085,90.01431215152842,47797536.0
2025-03-17,91.65887228357678,92.68987502498565,90.9357350787468,92.03436228483406,313278133.0
2025-03-18,91.63898145007988,91.70220393458293,91.60993711934499,91.65887228357678,311019537.0
2025-03-19,91.67041792388773,91.77010147495457,91.61607586092941,91.63898145007988,323416167.0
2025-03-20,91.59372188467933,91.71338911497877,91.58629968733658,91.67041792388773,324620719.0
2025-03-21,91.62249313972096,91.65666583197525,91.57860441430059,91.59372188467933,320507758.0
2025-03-22,91.63788914730685,91.66042335351449,91.59555149182417,91.62249313972096,40249421.0
2025-03-23,91.65547522195266,91.68012849553998,91.61672031956549,91.63788914730685,46426690.0
2025-03-24,91.64668218462975,91.68635462134625,91.6220343725563,91.65547522195266,332689590.0
2025-03-25,91.67838081110312,91.73143395678926,91.63137902277958,91.64668218462975,334569470.0
2025-03-26,91.64933648036822,91.72520783098298,91.64256420317543,91.67838081110312,330437743.0
2025-03-27,91.62468866829477,91.72593967384091,91.61717908673018,91.64933648036822,326950831.0
2025-03-28,91.59793817338323,91.69817333735045,91.56861530544118,91.62468866829477,313379019.0
2025-03-29,91.60746305356406,91.68167956547768,91.58693868445881,91.59793817338323,46699437.0
2025-03-30,91.63596669442632,91.68992645141408,91.60645813501287,91.60746305356406,45476326.0
2025-03-31,91.62908518695622,91.75352031885996,91.61406056231316,91.63596669442632,298326884.0
2025-04-01,91.65978981790613,91.68929291580571,91.60820035793584,91.62908518695622,305739578.0
2025-04-02,91.63779084005728,91.68451955268756,91.6017830791443,91.65978981790613,305634415.0
2025-04-03,91.60966404365173,91.66555717654774,91.58602115012945,91.63779084005728,295176013.0
2025-04-04,91.62176129686304,91.6782934268813,91.56925430256342,91.60966404365173,296910172.0
2025-04-05,91.62212721829201,91.65447030340147,91.59949470483478,91.62176129686304,46640826.0
2025-04-06,91.60911243075134,91.65447030340147,91.55724989508779,91.62212721829201,287264621.0
2025-04-07,91.62230744824954,91.65171770041343,91.52600457426523,91.60911243075134,257220771.0
2025-04-08,91.575671581355,91.67499467250673,91.54002428035709,91.62230744824954,258950040.0
2025-04-09,91.62349805827216,91.65868659210537,91.5418593490158,91.575671581355,255648524.0
2025-04-10,91.6153440180715,91.64530588313572,91.56339409818611,91.62349805827216,262848417.0
2025-04-11,91.59867001624117,91.67151022666076,91.55028646490975,91.6153440180715,263294681.0
2025-04-12,91.6454041903853,91.66344903219579,91.58629968733658,91.59867001624117,271373966.0
2025-04-13,91.62808026840501,91.66271718933785,91.6000408562213,91.6454041903853,270440292.0
2025-04-14,91.6403577515739,91.67490728828488,91.59839147903405,91.62808026840501,273911269.0
2025-04-15,91.64841894603887,91.67361837101271,91.61122057510327,91.6403577515739,271671119.0
2025-04-16,91.65785644199786,91.71677525357518,91.6136946408842,91.64841894603887,265956779.0
2025-04-17,91.65382584476538,91.67939665268204,91.56815653827651,91.65785644199786,268016169.0
2025-04-18,91.63862099016478,91.67472159681347,91.58089278861007,91.65382584476538,262960380.0
2025-04-19,91.62423536264397,91.67160853391033,91.57410958838953,91.63862099016478,266829948.0
2025-04-20,91.64695526032303,91.68315417422127,91.579882408545,91.62423536264397,263717803.0
2025-04-21,91.64521849891389,91.69616350024808,91.55413683218465,91.64695526032303,272988269.0
2025-04-22,91.68827707422679,91.73391348408404,91.57374366696058,91.64521849891389,276865431.0
2025-04-23,91.6945141230608,91.71301773203595,91.59903593767012,91.68827707422679,297530390.0
2025-04-24,91.70284839321903,91.71247158064944,91.63064717992165,91.6945141230608,294051003.0
2025-04-25,91.72108984952865,91.75278847600202,91.65731029061135,91.70284839321903,296417713.0
2025-04-26,91.69515858169689,91.7417889870776,91.67279914393293,91.72108984952865,48599036.0
2025-04-27,91.69689534310601,91.73803146553837,91.66271718933785,91.69515858169689,47635415.0
2025-04-28,91.69222028723743,91.73648039560067,91.66317595650253,91.69689534310601,295420617.0
2025-04-29,91.68864845716962,91.72676982394842,91.66299026503111,91.69222028723743,299567810.0
2025-04-30,91.67856650257454,91.74188729432716,91.64100221020999,91.68864845716962,297623904.0
2025-05-01,91.67719020108052,91.73547547704948,91.64952217183964,91.67856650257454,302622766.0
2025-05-02,91.6948745829759,91.7215376936656,91.65052709039082,91.67719020108052,305106416.0
2025-05-03,91.68177787272725,91.72190907660843,91.65841351641212,91.6948745829759,304574953.0
2025-05-04,91.66354733944536,91.72713028386352,91.64668218462975,91.68177787272725,304102624.0
2025-05-05,91.64503280744246,91.7166004851315,91.62890495699867,91.66354733944536,301287899.0
2025-05-06,91.65438291917962,91.74848480307628,91.62157560539163,91.64503280744246,297317585.0
2025-05-07,91.67810773540987,91.71622910218865,91.62945656989905,91.65438291917962,300916149.0
2025-05-08,91.66217103795132,91.71100789493357,91.63449208568272,91.67810773540987,323810893.0
2025-05-09,91.66106781215058,91.69102967721483,91.60416429918952,91.66217103795132,367480635.0
2025-05-10,91.6624441136446,91.68791661431169,91.58675845450126,91.66106781215058,386309453.0
2025-05-11,91.65850090063397,91.69946225462263,91.59445372753726,91.6624441136446,399932557.0
2025-05-12,91.67774727549477,91.69176152007276,91.63266794005176,91.65850090063397,398497028.0
2025-05-13,91.66463964221839,91.70596145612217,91.6349508528474,91.67774727549477,400780506.0
2025-05-14,91.67545343967141,91.70981728491097,91.61690054952304,91.66463964221839,413129033.0
2025-05-15,91.66052166076406,91.69662226741275,91.62890495699867,91.67545343967141,404100308.0
2025-05-16,91.66876854670045,91.70083855611666,91.6274412712828,91.66052166076406,408898362.0
2025-05-17,91.67490728828488,91.70303408469044,91.62808026840501,91.66876854670045,395376918.0
2025-05-18,91.67645835822258,91.70844098341695,91.63046148845024,91.67490728828488,398202920.0
2025-05-19,91.67820604265945,91.69102967721483,91.60975688938744,91.67645835822258,384220436.0
2025-05-20,91.67645835822258,91.69982271453773,91.61616870666512,91.67820604265945,398093945.0
2025-05-21,91.69167413585092,91.76341658198362,91.61763785389485,91.67645835822258,402259326.0
2025-05-22,91.67151022666076,91.70459607765588,91.6070042863994,91.69167413585092,416728162.0
2025-05-23,91.64356912172661,91.70825529194553,91.58574807443618,91.67151022666076,412196221.0
2025-05-24,91.68094772261975,91.70340546763327,91.62588473983124,91.64356912172661,405584513.0
2025-05-25,91.62551335688839,91.71054912776889,91.61882846391745,91.68094772261975,400289415.0
2025-05-26,91.67069099958097,91.71888339792713,91.62551335688839,91.62551335688839,407219493.0
2025-05-27,91.6891072243343,91.71384788214345,91.64347081447704,91.67069099958097,415259846.0
2025-05-28,91.67353098679085,91.71009036060423,91.61167934226796,91.6891072243343,419416250.0
2025-05-29,91.65006832322617,91.70257531752577,91.62295190688565,91.67353098679085,425019298.0
2025-05-30,91.68167956547768,91.70981728491097,91.63348716713153,91.65006832322617,412695407.0
2025-05-31,91.70284839321903,91.71842463076246,91.65749598208276,91.68167956547768,401785065.0
2025-06-01,91.70074024886708,91.71750709643311,91.65547522195266,91.70284839321903,401296092.0
2025-06-02,91.706332839065,91.72667151669884,91.65593398911733,91.70074024886708,402597071.0
2025-06-03,91.66491271791165,91.73620731990741,91.65290831043605,91.706332839065,415709865.0
2025-06-04,91.70230224183251,91.73372779261263,91.64475973174922,91.66491271791165,419048213.0
2025-06-05,91.71155404632009,91.73409917555546,91.63294101574502,91.70230224183251,413143054.0
2025-06-06,91.73620731990741,91.7977804272232,91.67958234415346,91.71155404632009,397482568.0
2025-06-07,91.7169609450466,91.7674471792161,91.69213290301559,91.73620731990741,403997052.0
2025-06-08,91.71119358640499,91.7448146657589,91.68956599149897,91.7169609450466,409271866.0
2025-06-09,91.69643657594132,91.7556284632119,91.681504797034,91.71119358640499,410030973.0
2025-06-10,91.66785101237109,91.71374957489387,91.64182143728976,91.69643657594132,436989655.0
2025-06-11,91.68058726270465,91.69863210451513,91.5929900418214,91.66785101237109,445900759.0
2025-06-12,91.67810773540987,91.72273922671593,91.6179109295881,91.68058726270465,440953382.0
2025-06-13,91.70157039897458,91.746835425889,91.63641453856326,91.67810773540987,412106135.0
2025-06-14,91.70037978895198,91.7448146657589,91.68415909277246,91.70157039897458,56563312.0
2025-06-15,91.69176152007276,91.73391348408404,91.66052166076406,91.70037978895198,411432379.0
2025-06-16,91.73932038281055,91.74710850158226,91.65465599487288,91.69176152007276,424927530.0
2025-06-17,91.69386966442471,91.73932038281055,91.65749598208276,91.73932038281055,413616241.0
2025-06-18,91.71247158064944,91.74702111736042,91.66189796225808,91.69386966442471,409239952.0
2025-06-19,91.68296848274986,91.76424673209112,91.6606090449859,91.71247158064944,411715237.0
2025-06-20,91.69011214288548,91.72273922671593,91.65455768762331,91.68296848274986,410306136.0
2025-06-21,91.70165778319642,91.75435046896746,91.66372210788904,91.69011214288548,393623364.0
2025-06-22,91.69286474587352,91.75544277174049,91.65831520916254,91.70165778319642,373374691.0
2025-06-23,91.72667151669884,91.7809152724076,91.67618528252933,91.69286474587352,378533451.0
2025-06-24,91.73088780540274,91.78659524682736,91.67417544542695,91.72667151669884,402217136.0
2025-06-25,91.68534970279507,91.7441702071228,91.65511476203756,91.73088780540274,402181380.0
2025-06-26,91.71531156785933,91.74243344571369,91.65382584476538,91.68534970279507,406467806.0
2025-06-27,91.71549725933073,91.72988288685156,91.67105145949608,91.71531156785933,403558139.0
2025-06-28,91.70963159343957,91.7299702710734,91.68526231857322,91.71549725933073,403860644.0
2025-06-29,91.69002475866364,91.71796586359778,91.66812408806436,91.70963159343957,398762435.0
2025-06-30,91.70568838042891,91.73098611265232,91.67261345246153,91.69002475866364,404183292.0
2025-07-01,91.69506027444731,91.76305612206852,91.67645835822258,91.70568838042891,398458319.0
2025-07-02,91.73125918834558,91.77514791376599,91.67554082389326,91.69506027444731,405095291.0
2025-07-03,91.70147209172501,91.82150524345343,91.68781830706212,91.73125918834558,418385630.0
2025-07-04,91.69643657594132,91.80373347733621,91.67353098679085,91.70147209172501,64224889.0
2025-07-05,91.70596145612217,91.75049464017864,91.68259709980703,91.69643657594132,64052846.0
2025-07-06,91.68938030002755,91.74491297300847,91.67599959105792,91.70596145612217,63912782.0
2025-07-07,91.70376592754837,91.74408282290096,91.66198534647992,91.68938030002755,62699370.0
2025-07-08,91.69845733607144,91.73034165401621,91.65795474924744,91.70376592754837,62275170.0
2025-07-09,91.72025969942115,91.75095340734333,91.67407713817738,91.69845733607144,432124646.0
2025-07-10,91.66950038955838,91.76974101503947,91.64503280744246,91.72025969942115,450870834.0
2025-07-11,91.71347649920061,91.7426191371851,91.66006289359939,91.66950038955838,475529031.0
2025-07-12,91.70660591475826,91.73729962268044,91.6560322963669,91.71347649920061,67868751.0
2025-07-13,91.7121001977066,91.75095340734333,91.6373320728926,91.70660591475826,69969767.0
2025-07-14,91.69533335014057,91.74353667151445,91.65474337909473,91.7121001977066,480383669.0
2025-07-15,91.69954963884447,91.73372779261263,91.64631080168692,91.69533335014057,478512758.0
2025-07-16,91.7247490638183,91.75196924892225,91.6712371509675,91.69954963884447,506855427.0
2025-07-17,91.73803146553837,91.76030351908048,91.68543708701691,91.7247490638183,535793017.0
2025-07-18,91.75673168901267,91.7809152724076,91.70495653757096,91.73803146553837,560711612.0
2025-07-19,91.740598377055,91.77001409073273,91.70340546763327,91.75673168901267,71956814.0
2025-07-20,91.71622910218865,91.75324724316668,91.68507662710181,91.740598377055,579820056.0
2025-07-21,91.73693916276534,91.75333462738853,91.69634919171948,91.71622910218865,588860214.0
2025-07-22,91.72933673546505,91.75911290905788,91.70138470750317,91.73693916276534,577550444.0
2025-07-23,91.75406647024647,91.7789054353052,91.7029467004686,91.72933673546505,573581880.0
2025-07-24,91.75343293463811,91.82252108503235,91.71109527915542,91.75406647024647,578135855.0
2025-07-25,91.71906908939853,91.80226979162035,91.6960651929985,91.75343293463811,578407398.0
2025-07-26,91.72896535252221,91.7723079265561,91.70257531752577,91.71906908939853,77398140.0
2025-07-27,91.74252082993553,91.77606544809531,91.70587407190033,91.72896535252221,76751777.0
2025-07-28,91.71000297638238,91.77771482528262,91.67234037676826,91.74252082993553,602906317.0
2025-07-29,91.67902526973921,91.76122105340983,91.65557352920223,91.71000297638238,596295126.0
2025-07-30,91.68983906719224,91.79613105003591,91.65409892045864,91.67902526973921,594028059.0
2025-07-31,91.68708646420419,91.74673711863944,91.6540115362368,91.68983906719224,77426375.0
2025-08-01,91.67169591813217,91.76332919776178,91.64246589592584,91.68708646420419,577018175.0
2025-08-02,91.67178330235402,91.72859396957938,91.64311035456194,91.67169591813217,79113151.0
2025-08-03,91.72199646083027,91.84277237844435,91.6624441136446,91.67178330235402,81413205.0
2025-08-04,91.71439403352997,91.77798790097587,91.68232402411377,91.72199646083027,81370705.0
2025-08-05,91.69863210451513,91.75617461459841,91.66537148507632,91.71439403352997,80529853.0
2025-08-06,91.72933673546505,91.7586541418932,91.68378770982963,91.69863210451513,81068649.0
2025-08-07,91.73666608707208,91.80373347733621,91.69881779598654,91.72933673546505,596716133.0
2025-08-08,91.7159560264954,91.77642590801042,91.6948745829759,91.73666608707208,624397426.0
2025-08-09,91.73061472970949,91.75838106619995,91.69579211730525,91.7159560264954,85783058.0
2025-08-10,91.73372779261263,91.75700476470593,91.70037978895198,91.73061472970949,83289244.0
2025-08-11,91.55166276640374,91.79035276836656,91.50942341817063,91.73372779261263,672374480.0
2025-08-12,91.65309400190745,91.71247158064944,91.54479218196138,91.55166276640374,676176507.0
2025-08-13,91.74335098004303,91.78082788818575,91.58565522870047,91.65309400190745,718203981.0
2025-08-14,91.79007969267332,91.81839218055029,91.6800301882904,91.74335098004303,679125182.0
2025-08-15,91.78283772528812,91.85275602578986,91.74619096725291,91.79007969267332,44199666.0
2025-08-16,91.77752913381119,91.86841964755513,91.75892721758645,91.78283772528812,41485874.0
2025-08-17,91.80529547030164,91.83544302683731,91.74646404294617,91.77752913381119,42542171.0
2025-08-18,91.76607087772209,91.82536107224223,91.75241709305921,91.80529547030164,637572863.0
2025-08-19,91.7161417179668,91.82957736094613,91.71604341071725,91.76607087772209,618189178.0
2025-08-20,91.75764922334201,91.80062041443308,91.7161417179668,91.7161417179668,624620703.0
2025-08-21,91.72713028386352,91.82178924217442,91.71255896487129,91.75764922334201,43045630.0
2025-08-22,91.73940776703239,91.83470026095165,91.6636347236672,91.72713028386352,657241161.0
2025-08-23,91.73070211393132,91.78266295684443,91.6957047330834,91.73940776703239,47258117.0
2025-08-24,91.74188729432716,91.79594535856448,91.71109527915542,91.73070211393132,46750523.0
2025-08-25,91.75957167622255,91.80767669034685,91.70660591475826,91.74188729432716,386436434.0
2025-08-26,91.78302341675953,91.86438905032263,91.74746896149736,91.75957167622255,51393138.0
2025-08-27,91.76176720479633,91.81995417351573,91.74105714421968,91.78302341675953,49017069.0
2025-08-28,91.77010147495457,91.90846346721446,91.75031987173496,91.76176720479633,47551458.0
2025-08-29,91.79539920717798,91.84121038547892,91.72823350966428,91.77010147495457,48265327.0
2025-08-30,91.78642047838368,91.83314919101394,91.76185458901818,91.79539920717798,49901442.0
2025-08-31,91.77752913381119,91.82985043663939,91.74554650861683,91.78642047838368,54643857.0
2025-09-01,91.75049464017864,91.84478221554673,91.74280482865652,91.77752913381119,54717359.0
2025-09-02,91.77523529798783,91.826180299322,91.741974678549,91.75049464017864,49395925.0
2025-09-03,91.8398340839849,91.84313283835945,91.75306155169528,91.77523529798783,47004854.0
2025-09-04,91.8440503726888,91.8489111200288,91.76965363081763,91.8398340839849,52968699.0
2025-09-05,91.7887033911793,91.88894401666039,91.77963727816314,91.8440503726888,54608133.0
2025-09-06,91.8055685459949,91.83607656244567,91.75544277174049,91.7887033911793,53228532.0
2025-09-07,91.78650786260552,91.82709783365135,91.74857218729812,91.8055685459949,54005667.0
2025-09-08,91.7979661186946,91.82526276499266,91.7502215644854,91.78650786260552,54466292.0
2025-09-09,91.7789054353052,91.81849048779986,91.7444542058438,91.7979661186946,56690526.0
2025-09-10,91.8207734005955,91.82755660081602,91.75755091609244,91.7789054353052,56957507.0
2025-09-11,91.83021089655449,91.83818470679762,91.76396273337015,91.8207734005955,58837231.0
2025-09-12,91.83626225391708,91.89344430408528,91.76497857494905,91.83021089655449,68483460.0
2025-09-13,91.82838675092353,91.8685179548047,91.787338012713,91.83626225391708,58515143.0
2025-09-14,91.82214970208952,91.86356982324287,91.79429598137722,91.82838675092353,58577594.0
2025-09-15,91.8428597626662,91.86787349616861,91.78926046559354,91.82214970208952,59159164.0
2025-09-16,91.86714165331067,91.90507732861806,91.81803172063519,91.8428597626662,58842533.0
2025-09-17,91.8445965240753,91.90681409002718,91.82544845646407,91.86714165331067,61089082.0
2025-09-18,91.81325835751703,91.871543633486,91.81206774749444,91.8445965240753,58709185.0
2025-09-19,91.85816292451636,91.88647541239334,91.80914037606273,91.81325835751703,61185702.0
2025-09-20,91.85440540297714,91.90929361732196,91.8364479453885,91.85816292451636,60435496.0
2025-09-21,91.85147803154541,91.89884027978405,91.83066966371916,91.85440540297714,62399238.0
2025-09-22,91.88501172667748,91.9330184335522,91.84248837972336,91.85147803154541,62612973.0
2025-09-23,91.82398477074821,91.92468416339398,91.81445989056738,91.88501172667748,63062857.0
2025-09-24,91.87455838913957,91.89316030536429,91.81684111061259,91.82398477074821,62899987.0
2025-09-25,91.87484238786055,91.9478628282377,91.83168550529808,91.87455838913957,61632287.0
2025-09-26,91.86916241344079,91.92257601904203,91.84991603857998,91.87484238786055,61356858.0
2025-09-27,91.88171297230292,91.89866551134037,91.84231361127968,91.86916241344079,59721200.0
2025-09-28,91.84112300125707,91.8825321993827,91.8099705261702,91.88171297230292,60406797.0
2025-09-29,91.88501172667748,91.93265797363709,91.82957736094613,91.84112300125707,60665518.0
2025-09-30,91.81152159610792,91.90827777574304,91.81152159610792,91.88501172667748,64327609.0
2025-10-01,91.86256490469168,91.90296918426611,91.79814088713829,91.81152159610792,65610599.0
2025-10-02,91.87758406782088,91.91084468725967,91.84248837972336,91.86256490469168,66351832.0
2025-10-03,91.8773109921276,91.92284909473528,91.85935353453897,91.87758406782088,66380663.0
2025-10-04,91.8280153679807,91.90654101433392,91.80832114898294,91.8773109921276,63812968.0
2025-10-05,91.8410246940075,91.87712530065619,91.80427962872272,91.8280153679807,68620684.0
2025-10-06,91.85916784306755,91.88849617252345,91.81638234344791,91.8410246940075,67048703.0
2025-10-07,91.85898215159614,91.91497359174173,91.83433980103655,91.85916784306755,65786782.0
2025-10-08,91.83782424688252,91.88812478958062,91.79887272999622,91.85898215159614,65363206.0
2025-10-09,91.86841964755513,91.8921553868131,91.81866525624355,91.83782424688252,67035294.0
2025-10-10,92.01127100421218,92.46281804755563,91.8173872619991,91.86841964755513,74229442.0
2025-10-11,91.93466781073948,92.02730600892028,91.86824487911144,92.01127100421218,71885834.0
2025-10-12,91.9559349457304,91.99184986090768,91.84927157994389,91.93466781073948,74158705.0
2025-10-13,91.89023293393257,91.96949042314372,91.86054414456159,91.9559349457304,73220118.0
2025-10-14,91.87905867656445,91.98387605066453,91.86192044605559,91.89023293393257,75388594.0
2025-10-15,91.88894401666039,91.98809233936845,91.86897672196939,91.87905867656445,74910470.0
2025-10-16,91.85522463005691,92.00916285986023,91.85046218996649,91.88894401666039,77466141.0
2025-10-17,91.86246659744211,91.92147279324125,91.79182737711017,91.85522463005691,78847153.0
2025-10-18,91.87382654628163,91.93247228216569,91.84743651128518,91.86246659744211,77637561.0
2025-10-19,91.87639345779826,91.92807030199037,91.83589087097424,91.87382654628163,80417195.0
2025-10-20,91.91103037873108,91.97600054767099,91.85743108165845,91.87639345779826,80355866.0
2025-10-21,91.91378298171912,91.95364110990704,91.84469483132489,91.91103037873108,82312521.0
2025-10-22,91.87355347058838,91.93944117385763,91.8185778720217,91.91378298171912,355860112.0
2025-10-23,91.85376094434105,91.91515928321314,91.8364479453885,91.87355347058838,81432271.0
2025-10-24,91.88931539960322,91.905809171476,91.82022724920898,91.85376094434105,82283530.0
2025-10-25,91.85651354732909,91.90140719130068,91.83717978824643,91.88931539960322,82533085.0
2025-10-26,91.85586908869298,91.87969221217281,91.81775864494193,91.85651354732909,84287325.0
2025-10-27,91.85532293730648,91.88564526228583,91.82398477074821,91.85586908869298,86475123.0
2025-10-28,91.86035845309016,91.89316030536429,91.81684111061259,91.85532293730648,85522994.0
2025-10-29,91.84240099550152,91.92193156040594,91.81271220613053,91.86035845309016,85632863.0
2025-10-30,91.83910224112697,91.94007470946599,91.79063676708756,91.84240099550152,610841948.0
2025-10-31,91.82490230507756,91.8769505322125,91.78824462401462,91.83910224112697,610658337.0
2025-11-01,91.82260846925419,91.99679799246951,91.78778585684995,91.82490230507756,87684677.0
2025-11-02,91.85989968592548,91.91478790027031,91.79218783702528,91.82260846925419,89894162.0
2025-11-03,91.84808096992128,91.91313852308303,91.79448167284863,91.85989968592548,588729241.0
2025-11-04,91.85678662302234,91.9176278874802,91.77028716642599,91.84808096992128,555733154.0
2025-11-05,91.85605478016441,91.89041862540398,91.8001616472684,91.85678662302234,542178684.0
2025-11-06,91.82480399782798,91.88427988381954,91.7789054353052,91.85605478016441,544869211.0
2025-11-07,91.80849591742663,91.87603299788316,91.7750496065164,91.82480399782798,542171918.0
2025-11-08,91.83736547971785,91.88263050663227,91.79191476133201,91.80849591742663,95222120.0
2025-11-09,91.86027106886831,91.90910792585055,91.81473296626065,91.83736547971785,96488568.0
2025-11-10,91.85715800596518,91.89609859982374,91.82563414793549,91.86027106886831,580266966.0
2025-11-11,91.86100291172625,91.92862737640463,91.83085535519058,91.85715800596518,97280289.0
2025-11-12,91.85834861598778,91.91213360453185,91.8268247579581,91.86100291172625,98818540.0
2025-11-13,91.8288455180882,91.91726742756511,91.79613105003591,91.85834861598778,552161109.0
2025-11-14,91.79594535856448,91.89691782690352,91.7578239917857,91.8288455180882,523617026.0
2025-11-15,91.82828844367396,91.88739294672268,91.76543734211373,91.79594535856448,102732371.0
2025-11-16,91.82013986498714,91.92633354058125,91.79099722700266,91.82828844367396,104472705.0
2025-11-17,91.75214401736594,91.886934179558,91.72209476807984,91.82013986498714,519455933.0
2025-11-18,91.89691782690352,91.9817679063126,91.73593424421414,91.75214401736594,456639242.0
2025-11-19,91.79942980441047,92.12718617448627,91.73675347129392,91.89691782690352,508023665.0
2025-11-20,91.74875787876954,91.8791460607863,91.72648582522743,91.79942980441047,500353560.0
2025-11-21,91.78394095108888,91.90131980707882,91.72804781819286,91.74875787876954,475228016.0
2025-11-22,91.80446532019414,91.86402859040754,91.76451980778437,91.78394095108888,109376778.0
2025-11-23,91.82590722362875,91.89087739256865,91.7792658952203,91.80446532019414,111078537.0
2025-11-24,91.83379364965003,91.89288722967102,91.79768211997362,91.82590722362875,500747699.0
2025-11-25,91.84817927717086,91.91460220879891,91.82141785923159,91.83379364965003,511134497.0
2025-11-26,91.90553609578274,91.92514293055865,91.81582526903367,91.84817927717086,520755960.0
2025-11-27,91.87584730641174,91.94255423676077,91.86438905032263,91.90553609578274,116479637.0
2025-11-28,91.90434548576013,91.93925548238622,91.84689035989868,91.87584730641174,116270312.0
2025-11-29,91.89288722967102,91.9653724416894,91.8899598582393,91.90434548576013,117862726.0
2025-11-30,91.92697799921733,91.94639914252184,91.86989425629872,91.89288722967102,39111423.0
2025-12-01,91.9004022727495,91.96491367452472,91.871543633486,91.92697799921733,501024293.0
2025-12-02,91.92660661627451,91.94347177109012,91.8530291014831,91.9004022727495,513235650.0
2025-12-03,91.94804851970912,91.96059907857125,91.89691782690352,91.92660661627451,542940801.0
2025-12-04,91.93458042651766,91.96665043593384,91.89628429129516,91.94804851970912,123730655.0
2025-12-05,91.93420904357481,91.9627072229232,91.90497902136849,91.93458042651766,122088928.0
2025-12-06,91.97040795747307,91.97746423338685,91.90754593288511,91.93420904357481,39280336.0
2025-12-07,91.94603868260674,91.98396343488638,91.90324225995938,91.97040795747307,124037173.0
2025-12-08,91.95116158261226,91.96491367452472,91.88299096654737,91.94603868260674,125279272.0
2025-12-09,91.93155474783634,91.99569476666875,91.90618055441882,91.95116158261226,126590645.0
2025-12-10,91.9623467630081,91.97224302613176,91.82774229228744,91.93155474783634,127777449.0
2025-12-11,91.98965433233388,92.00009674684406,91.93100859644983,91.9623467630081,562317894.0
2025-12-12,91.92477154761582,92.00944685858121,91.92477154761582,91.98965433233388,560534320.0
2025-12-13,91.9837886664427,91.99157678521442,91.89041862540398,91.92477154761582,40981328.0
2025-12-14,91.96838719734296,92.01091054429708,91.91900418897421,91.9837886664427,552238261.0
2025-12-15,91.91570543459966,92.00164781678177,91.8825321993827,91.96838719734296,545020557.0
2025-12-16,91.92523031478049,91.98882418222638,91.87804283498554,91.91570543459966,527642072.0
2025-12-17,91.92358093759321,91.9978029110207,91.88610402945051,91.92523031478049,523134735.0
2025-12-18,91.86924979766263,91.95491910415149,91.77963727816314,91.92358093759321,515285389.0
2025-12-19,91.92065356616149,91.98204098200586,91.83937531682022,91.86924979766263,524179637.0
2025-12-20,91.94053347663066,91.97608793189283,91.89426353116505,91.92065356616149,446121437.0
2025-12-21,91.91992172330356,92.00989470271816,91.90864915868588,91.94053347663066,533849240.0
2025-12-22,91.91478790027031,91.99266908798745,91.89967042989156,91.91992172330356,541425745.0
2025-12-23,91.90947930879338,91.9559349457304,91.86154906311275,91.91478790027031,532862305.0
2025-12-24,91.92449847192256,91.97270179329644,91.88555787806399,91.90947930879338,532768538.0
2025-12-25,91.92266340326387,91.9593210843268,91.87996528786607,91.92449847192256,441313120.0
2025-12-26,91.87290901195229,91.9893703336129,91.86796088039046,91.92266340326387,533352498.0
2025-12-27,91.89032031815441,91.94154931820958,91.87290901195229,91.87290901195229,439393252.0
2025-12-28,91.90672670580534,91.90718547297001,91.85000342280182,91.89032031815441,439782464.0
2025-12-29,91.81344404898846,91.9142417488838,91.80281594300686,91.90672670580534,534222222.0
2025-12-30,91.90031488852766,91.95712555575302,91.81344404898846,91.81344404898846,534591201.0
2025-12-31,91.78101357965716,91.91414344163422,91.77010147495457,91.90031488852766,538678475.0
2026-01-01,91.83617486969524,91.85504986161322,91.74207298579859,91.78101357965716,544155972.0
2026-01-02,91.93174043930777,91.95959416002006,91.83066966371916,91.83617486969524,553874297.0
2026-01-03,91.90407241006686,91.95831616577561,91.87373916205979,91.93174043930777,563571224.0
2026-01-04,91.91827234611627,91.93549796084699,91.86741472900394,91.90407241006686,562478555.0
2026-01-05,91.94264162098261,91.98039160481858,91.86979594904915,91.91827234611627,566320908.0
2026-01-06,91.9378791808922,91.95684155703202,91.87987790364423,91.94264162098261,579137644.0
2026-01-07,91.90186595846535,91.95400156982214,91.85348786864779,91.9378791808922,575903271.0
2026-01-08,91.874744080611,91.9100254601799,91.83498425967264,91.90186595846535,558507920.0
2026-01-09,91.79649150995101,91.88382111665487,91.78183280673692,91.874744080611,557535007.0
2026-01-10,91.86173475458418,91.86622411898135,91.79237352849668,91.79649150995101,44914657.0
2026-01-11,91.79210045280344,91.86457474179406,91.78788416409952,91.86173475458418,560449997.0
2026-01-12,91.8614616788909,91.90947930879338,91.79210045280344,91.79210045280344,553939469.0
2026-01-13,91.89526844971624,91.94804851970912,91.82206231786768,91.8614616788909,561535790.0
2026-01-14,91.93376119943787,91.98708742081726,91.86164737036233,91.89526844971624,594871506.0
2026-01-15,91.88006359511564,91.95015666406107,91.85908045884571,91.93376119943787,586959428.0
2026-01-16,91.92431278045115,91.93687426234101,91.85660093155093,91.88006359511564,590303029.0
2026-01-17,91.89683044268168,91.96848550459255,91.89115046826191,91.92431278045115,487242728.0
2026-01-18,91.92276171051344,91.92954491073395,91.86054414456159,91.89683044268168,590328381.0
2026-01-19,91.86714165331067,91.95537787131614,91.84954465563715,91.92276171051344,572681504.0
2026-01-20,91.90133073010657,91.95089942994673,91.83059320252505,91.8671853454216,565639360.0
