Price,Close,High,Low,Open,Volume
Ticker,FDUSD-USD,FDUSD-USD,FDUSD-USD,FDUSD-USD,FDUSD-USD
Date,,,,,
2023-07-26,1.0010770559310913,1.0024479627609253,0.9986510276794434,0.9998490214347839,5662764
2023-07-27,1.0011709928512573,1.0040210485458374,0.9987750053405762,1.001065969467163,414185
2023-07-28,1.0016679763793945,1.00245201587677,0.9995329976081848,1.001162052154541,1356037
2023-07-29,1.001001000404358,1.0595929622650146,1.0000269412994385,1.0015569925308228,625629
2023-07-30,1.001001000404358,1.0024429559707642,0.9994680285453796,1.0010169744491577,625629
2023-07-31,1.001001000404358,1.0024429559707642,0.9994680285453796,1.0010169744491577,625629
2023-08-01,1.0006489753723145,1.0024429559707642,0.9994680285453796,1.0010169744491577,206319710
2023-08-02,0.9999930262565613,1.0010459423065186,0.99965900182724,1.0005979537963867,68809616
2023-08-03,1.0005719661712646,1.0009939670562744,0.9996439814567566,0.9998970031738281,23911403
2023-08-04,0.9999070167541504,1.0012370347976685,0.9994770288467407,1.0004780292510986,29014607
2023-08-05,0.9999309778213501,1.0003559589385986,0.9993370175361633,0.999921977519989,22851526
2023-08-06,0.999180018901825,1.0002659559249878,0.998894989490509,0.9999740123748779,23427884
2023-08-07,0.9994739890098572,1.0001330375671387,0.9981259703636169,0.9991899728775024,20288148
2023-08-08,1.0003039836883545,1.0013959407806396,0.9992070198059082,0.9995120167732239,23699132
2023-08-09,0.9999679923057556,1.0009740591049194,0.9984989762306213,1.0003570318222046,19174934
2023-08-10,0.9994149804115295,1.0001870393753052,0.9989309906959534,0.9999889731407166,20056248
2023-08-11,0.9994059801101685,1.0002399682998657,0.9985880255699158,0.9994879961013794,14724681
2023-08-12,0.9995160102844238,1.000491976737976,0.9994019865989685,0.9994159936904907,9320732
2023-08-13,0.9990350008010864,1.0001660585403442,0.9988179802894592,0.9995319843292236,12365120
2023-08-14,0.999118983745575,0.9993939995765686,0.997901976108551,0.9990519881248474,23312931
2023-08-15,0.9992600083351135,1.0004899501800537,0.9972209930419922,0.9989380240440369,41165477
2023-08-16,0.9995409846305847,1.0014220476150513,0.9983100295066833,0.9992780089378357,54499861
2023-08-17,1.0001239776611328,1.0019149780273438,0.9979450106620789,0.9994459748268127,101360657
2023-08-18,0.9997869729995728,1.0015909671783447,0.9988470077514648,1.0002930164337158,44840335
2023-08-19,1.0003989934921265,1.000599980354309,0.9995309710502625,0.9997360110282898,17889073
2023-08-20,1.0003119707107544,1.0008280277252197,0.9996809959411621,1.0000269412994385,14840813
2023-08-21,1.0001649856567383,1.0010429620742798,0.9995390176773071,1.0002150535583496,17683310
2023-08-22,0.999767005443573,1.0010249614715576,0.9993489980697632,1.000108003616333,18829174
2023-08-23,1.0002930164337158,1.0010960102081299,0.9987329840660095,0.9999139904975891,31959223
2023-08-24,1.0002260208129883,1.0006779432296753,0.9987900257110596,1.0002280473709106,100640308
2023-08-25,1.000154972076416,1.0012480020523071,0.9923369884490967,1.0000519752502441,75724942
2023-08-26,0.9998189806938171,1.0005580186843872,0.9993600249290466,1.0001529455184937,10707303
2023-08-27,0.9998160004615784,1.0019830465316772,0.9995129704475403,0.9997749924659729,12039534
2023-08-28,0.9991959929466248,1.0016180276870728,0.998583972454071,0.9998360276222229,37687747
2023-08-29,0.9996340274810791,1.000810980796814,0.9970260262489319,0.9991559982299805,177085822
2023-08-30,0.9991369843482971,1.0002390146255493,0.9987030029296875,0.9994369745254517,79118364
2023-08-31,0.9987580180168152,1.0007989406585693,0.997177004814148,0.9992790222167969,158533026
2023-09-01,0.9989299774169922,0.999504029750824,0.998403012752533,0.9987589716911316,109540823
2023-09-02,0.9993330240249634,0.9997850060462952,0.9986940026283264,0.9989839792251587,42334762
2023-09-03,0.9993529915809631,1.0000849962234497,0.9989309906959534,0.999422013759613,42631369
2023-09-04,0.9991030097007751,0.9996640086174011,0.9988139867782593,0.9992049932479858,53942917
2023-09-05,0.9992700219154358,0.9996939897537231,0.998727023601532,0.9991379976272583,65808688
2023-09-06,0.9989479780197144,0.9996179938316345,0.9986259937286377,0.9993559718132019,77068875
2023-09-07,0.9996259808540344,1.0000879764556885,0.9983010292053223,0.9990329742431641,130135022
2023-09-08,0.9995560050010681,1.0001310110092163,0.9989780187606812,0.9997829794883728,172167903
2023-09-09,0.9995049834251404,1.0002590417861938,0.9992110133171082,0.9995560050010681,85466387
2023-09-10,0.9992520213127136,1.000154972076416,0.9991850256919861,0.999534010887146,149986543
2023-09-11,0.9994339942932129,0.9999740123748779,0.9985420107841492,0.9992759823799133,384834529
2023-09-12,0.9995830059051514,1.0006049871444702,0.9990209937095642,0.999405026435852,552763307
2023-09-13,0.9999840259552002,1.0006870031356812,0.9992039799690247,0.9995830059051514,467524074
2023-09-14,0.999888002872467,1.000946044921875,0.9995589852333069,0.9999679923057556,503451449
2023-09-15,0.9999380111694336,1.0006439685821533,0.9994959831237793,0.9999169707298279,438289254
2023-09-16,0.9999200105667114,1.0007590055465698,0.9996200203895569,0.999858021736145,206828487
2023-09-17,1.000054955482483,1.0006059408187866,0.9997270107269287,0.9998459815979004,168453745
2023-09-21,0.9997580051422119,1.000756025314331,0.9993640184402466,1.0001089572906494,650455306
2023-09-22,0.999763011932373,1.000167965888977,0.9992319941520691,0.9997770190238953,534281736
2023-09-23,0.9996780157089233,1.0004019737243652,0.9994059801101685,0.9998019933700562,214204003
2023-09-24,0.9996920228004456,1.00062096118927,0.9992349743843079,0.9996399879455566,382497760
2023-09-25,0.9995920062065125,1.000488042831421,0.9990820288658142,0.9996899962425232,843402142
2023-09-26,0.9991700053215027,1.0002080202102661,0.9990339875221252,0.9994819760322571,588893159
2023-09-27,0.9991790056228638,1.0002330541610718,0.9985830187797546,0.9991700053215027,967591548
2023-09-28,0.9995629787445068,1.0004459619522095,0.9988549947738647,0.9992210268974304,1208827234
2023-09-29,0.999439001083374,1.0001490116119385,0.9990969896316528,0.9996489882469177,936611157
2023-09-30,0.9998340010643005,1.000080943107605,0.9992790222167969,0.999439001083374,344781356
2023-10-01,0.9995359778404236,1.000614047050476,0.9990959763526917,0.9998220205307007,674369915
2023-10-02,0.99965500831604,1.0009839534759521,0.998881995677948,0.9995359778404236,1516120266
2023-10-03,0.9995200037956238,1.000156044960022,0.9991390109062195,0.99965500831604,1337062797
2023-10-04,0.9999430179595947,1.00028395652771,0.9989820122718811,0.9995120167732239,1380037646
2023-10-05,0.999534010887146,1.0006790161132812,0.9993879795074463,0.9999120235443115,1446575805
2023-10-06,1.0000040531158447,1.0004940032958984,0.9989309906959534,0.9995290040969849,1713443661
2023-10-07,0.9998739957809448,1.000519037246704,0.9994819760322571,0.9999099969863892,1061929827
2023-10-08,0.9997190237045288,1.0003050565719604,0.9991779923439026,0.9999020099639893,1219220921
2023-10-09,0.9994410276412964,1.000241994857788,0.9982529878616333,0.9996259808540344,1724752004
2023-10-10,1.000553011894226,1.001142978668213,0.9984989762306213,0.9995059967041016,1865888143
2023-10-11,0.9998520016670227,1.001101016998291,0.9997109770774841,1.000417947769165,1885974623
2023-10-12,0.9996259808540344,1.00095796585083,0.9984819889068604,0.9998520016670227,1420693905
2023-10-13,1.000156044960022,1.0007699728012085,0.9993829727172852,0.9996449947357178,1555667051
2023-10-14,1.000378966331482,1.0006769895553589,0.9999330043792725,1.0000590085983276,647090265
2023-10-15,1.000251054763794,1.0008360147476196,0.9994500279426575,1.000319004058838,968438917
2023-10-16,1.000661015510559,1.0018889904022217,0.9960659742355347,1.0002440214157104,2495879707
2023-10-17,1.0005409717559814,1.0013810396194458,1.0000979900360107,1.0005290508270264,1659001265
2023-10-18,1.0000369548797607,1.0017650127410889,0.9997149705886841,1.0005500316619873,1405633032
2023-10-19,1.000383973121643,1.000862956047058,0.9996960163116455,1.0000449419021606,1772787267
2023-10-20,1.000128984451294,1.0009069442749023,0.9996129870414734,1.000285029411316,2168670563
2023-10-21,1.0000940561294556,1.0004090070724487,0.9996320009231567,1.0001100301742554,1390463611
2023-10-22,0.9998480081558228,1.0004169940948486,0.999625027179718,1.0001020431518555,1237205060
2023-10-23,0.9998549818992615,1.0008569955825806,0.9981080293655396,1.000100016593933,3058087084
2023-10-24,0.999239981174469,1.0008939504623413,0.9986299872398376,0.9998810291290283,3956608982
2023-10-25,0.9999799728393555,1.0005700588226318,0.9990919828414917,0.9994080066680908,3011913842
2023-10-26,0.9999210238456726,1.0004349946975708,0.9993720054626465,0.999966025352478,2037924400
2023-10-27,1.0009089708328247,1.0016299486160278,0.9994850158691406,0.9999210238456726,1881323707
2023-10-28,1.0019429922103882,1.002282977104187,1.0006630420684814,1.0011310577392578,1133503387
2023-10-29,1.0023549795150757,1.0028070211410522,1.0014519691467285,1.0019580125808716,1117030428
2023-10-30,1.0022720098495483,1.002835988998413,1.0008360147476196,1.002573013305664,1828212684
2023-10-31,1.0009549856185913,1.002742052078247,1.0002269744873047,1.0023009777069092,1932570361
2023-11-01,1.0006970167160034,1.0014840364456177,0.999455988407135,1.0009549856185913,1983400210
2023-11-02,0.9998980164527893,1.001325011253357,0.9992889761924744,1.00068199634552,2150928056
2023-11-03,1.000216007232666,1.00068199634552,0.9990360140800476,0.9999330043792725,1490993495
2023-11-04,1.0001670122146606,1.0008549690246582,0.9996910095214844,1.0002529621124268,726406591
2023-11-05,0.9998419880867004,1.0005149841308594,0.9994369745254517,1.0001640319824219,1016952246
2023-11-06,0.999646008014679,1.000396966934204,0.9994289875030518,0.99965500831604,1228475308
2023-11-07,0.9999039769172668,1.0008569955825806,0.9990460276603699,0.9995819926261902,1626273783
2023-11-08,0.9997659921646118,1.0003060102462769,0.9991980195045471,0.9999039769172668,1569499366
2023-11-09,0.9993100166320801,1.0006179809570312,0.9980459809303284,0.9998540282249451,2876716698
2023-11-10,0.9993069767951965,0.9998679757118225,0.9987589716911316,0.9991859793663025,2012844855
2023-11-11,0.9987670183181763,0.9999200105667114,0.9987229704856873,0.9991359710693359,1280884193
2023-11-12,0.9996709823608398,0.9999709725379944,0.9987760186195374,0.998848021030426,1135034681
2023-11-13,0.9999709725379944,1.0005320310592651,0.9991160035133362,0.9995440244674683,1988913239
2023-11-14,1.000128984451294,1.0006159543991089,0.9990829825401306,0.999875009059906,2358089100
2023-11-15,1.0008050203323364,1.0012969970703125,0.9994720220565796,1.000033974647522,2287889646
2023-11-16,1.0000489950180054,1.0014090538024902,0.9993150234222412,1.0009169578552246,2659113396
2023-11-17,1.0003329515457153,1.0005249977111816,0.9994019865989685,0.9998630285263062,1921298477
2023-11-18,1.0003999471664429,1.0007569789886475,0.9997329711914062,1.0000790357589722,1001173621
2023-11-19,1.0004299879074097,1.0008139610290527,0.9997580051422119,1.0004169940948486,1052599142
2023-11-20,1.0005110502243042,1.0011630058288574,0.9996770024299622,1.0001779794692993,1895786913
2023-11-21,0.9990509748458862,1.0007539987564087,0.9987069964408875,1.00062096118927,2439701806
2023-11-22,0.999987006187439,1.0006849765777588,0.9983100295066833,0.9984380006790161,2202676866
2023-11-23,0.9999319911003113,1.0002169609069824,0.9991880059242249,0.999987006187439,1485775909
2023-11-24,0.9998610019683838,1.0005029439926147,0.9984009861946106,0.9999319911003113,2089216630
2023-11-25,1.0000150203704834,1.0003290176391602,0.9991220235824585,0.9996709823608398,857335491
2023-11-26,0.9996259808540344,1.0001139640808105,0.9987599849700928,0.9999899864196777,1343607780
2023-11-27,0.9985219836235046,0.9996489882469177,0.9978479743003845,0.9996259808540344,1986586265
2023-11-28,0.9996349811553955,1.0005550384521484,0.9984130263328552,0.9985979795455933,2175604129
2023-11-29,0.999875009059906,1.0009180307388306,0.9990910291671753,0.9997180104255676,1965123851
2023-11-30,0.9996010065078735,1.0009620189666748,0.9991160035133362,1.0000189542770386,1790343533
2023-12-01,0.999701976776123,1.0009260177612305,0.9991220235824585,0.9994840025901794,2399646970
2023-12-02,0.9999430179595947,1.0005810260772705,0.9993159770965576,0.999688982963562,1406753592
2023-12-03,0.999987006187439,1.000396966934204,0.9988330006599426,0.9999719858169556,1595316571
2023-12-04,1.0000669956207275,1.0011199712753296,0.9981799721717834,0.9999629855155945,3258280596
2023-12-05,1.0003869533538818,1.0014580488204956,0.9981740117073059,1.0000150203704834,3258216800
2023-12-06,1.0004299879074097,1.0016839504241943,0.9989380240440369,1.0006099939346313,3564344615
2023-12-07,0.999783992767334,1.0016839504241943,0.9990500211715698,0.9998660087585449,2918530628
2023-12-08,0.9997140169143677,1.0013060569763184,0.9990389943122864,0.9997680187225342,2419445392
2023-12-09,0.9995650053024292,1.0017759799957275,0.9988729953765869,0.9997230172157288,1802872849
2023-12-10,0.9993069767951965,1.0008169412612915,0.9986140131950378,0.99965900182724,1263284185
2023-12-11,1.0002700090408325,1.0034010410308838,0.9959819912910461,0.9994400143623352,4359062331
2023-12-12,1.0045230388641357,1.0068860054016113,0.9998350143432617,1.000082015991211,3666168856
2023-12-13,1.0030900239944458,1.0081870555877686,1.00130295753479,1.0048409700393677,3451892818
2023-12-14,1.001189947128296,1.0038360357284546,1.0003019571304321,1.0031310319900513,3328628359
2023-12-15,1.0013469457626343,1.0020300149917603,0.9998360276222229,1.001189947128296,2515078206
2023-12-16,0.9976909756660461,1.001660943031311,0.9970340132713318,1.00074303150177,2175118649
2023-12-17,0.9975289702415466,0.9998610019683838,0.9958469867706299,0.9973509907722473,2257839365
2023-12-18,0.9988899827003479,0.9993370175361633,0.9967020153999329,0.9968019723892212,3330804639
2023-12-19,1.000641942024231,1.0035619735717773,0.9975810050964355,0.9988530278205872,3637706132
2023-12-20,0.9997069835662842,1.0019910335540771,0.9987670183181763,1.0006660223007202,3536096828
2023-12-21,0.9999549984931946,1.0013600587844849,0.9990450143814087,0.9996569752693176,3013714218
2023-12-22,1.001052975654602,1.0029900074005127,0.9989969730377197,1.0000660419464111,2336055109
2023-12-23,1.000709056854248,1.0029150247573853,0.9998210072517395,1.0009549856185913,1255521284
2023-12-24,0.9997910261154175,1.0029239654541016,0.999068021774292,1.000789999961853,1541826851
2023-12-25,0.999360978603363,1.0018019676208496,0.998399019241333,0.9998350143432617,1985359630
2023-12-26,0.9998419880867004,1.0035309791564941,0.9979820251464844,0.9995319843292236,2476599267
2023-12-27,1.0027140378952026,1.004565954208374,0.9987369775772095,1.0000649690628052,2554164109
2023-12-28,1.001628041267395,1.0040589570999146,1.0001720190048218,1.002540946006775,5962638938
2023-12-29,1.0009599924087524,1.0035799741744995,0.9998980164527893,1.001628041267395,2825388380
2023-12-30,1.0003529787063599,1.002163052558899,0.9990879893302917,1.0009599924087524,1624841521
2023-12-31,0.9986900091171265,1.0007879734039307,0.9980220198631287,1.0003529787063599,1827028435
2024-01-01,1.0002670288085938,1.000862956047058,0.9981309771537781,0.9987220168113708,1849332074
2024-01-02,0.9986640214920044,1.0009419918060303,0.9983749985694885,1.0002379417419434,4209535594
2024-01-03,1.0004949569702148,1.0079489946365356,0.9983609914779663,0.9990429878234863,4222253723
2024-01-04,1.0020040273666382,1.0030009746551514,0.9994009733200073,1.000488042831421,4107177100
2024-01-05,1.001546025276184,1.006050944328308,1.0004630088806152,1.001924991607666,3736595354
2024-01-06,1.0009729862213135,1.0028749704360962,1.000614047050476,1.0017240047454834,1623757699
2024-01-07,1.000417947769165,1.0025509595870972,0.9991639852523804,1.0015239715576172,2005515812
2024-01-08,0.998989999294281,1.0056869983673096,0.9983100295066833,1.000417947769165,4602597999
2024-01-09,0.9989529848098755,1.004060983657837,0.9970639944076538,0.9986850023269653,4920545871
2024-01-10,0.9990509748458862,1.0028640031814575,0.9979879856109619,0.9987450242042542,6052072457
2024-01-11,0.9985600113868713,1.0006439685821533,0.9967100024223328,0.999351978302002,6008299157
2024-01-12,0.9985939860343933,1.0007230043411255,0.9958170056343079,0.9984840154647827,5497257627
2024-01-13,0.9985560178756714,0.9997329711914062,0.9974520206451416,0.9981690049171448,3004276148
2024-01-14,0.9980930089950562,0.9994300007820129,0.9975510239601135,0.9985560178756714,2482206479
2024-01-15,1.0030850172042847,1.00429105758667,0.997626006603241,0.9976459741592407,4397940831
2024-01-16,1.001863956451416,1.0042140483856201,1.0007410049438477,1.0031789541244507,4163763436
2024-01-17,1.0013200044631958,1.0040010213851929,0.998956024646759,1.0016659498214722,4439943038
2024-01-18,1.0032049417495728,1.0036970376968384,1.00068199634552,1.00142502784729,4390431222
2024-01-19,1.0033479928970337,1.0052989721298218,1.0015469789505005,1.0032099485397339,4390189168
2024-01-20,1.002485990524292,1.0047270059585571,1.0013279914855957,1.0033479928970337,1932717684
2024-01-21,1.0009360313415527,1.0027879476547241,1.0006300210952759,1.0027879476547241,1271911214
2024-01-22,1.0003390312194824,1.0034470558166504,0.9996669888496399,1.0014569759368896,6234332064
2024-01-23,0.9991620182991028,1.0019420385360718,0.9978070259094238,1.0003390312194824,5775332706
2024-01-24,0.9983680248260498,1.0004990100860596,0.9970729947090149,0.9991620182991028,4159034519
2024-01-25,0.9986770153045654,1.0000200271606445,0.9977260231971741,0.9983680248260498,3385543860
2024-01-26,0.9993550181388855,1.0007200241088867,0.9979069828987122,0.9987239837646484,5945845002
2024-01-27,0.9996560215950012,1.0001250505447388,0.998665988445282,0.998852014541626,1695563581
2024-01-28,0.9997429847717285,1.0008749961853027,0.9985989928245544,0.9996330142021179,3062946965
2024-01-29,1.0001300573349,1.0014070272445679,0.9990490078926086,0.9996610283851624,3793190169
2024-01-30,0.9998999834060669,1.0010689496994019,0.9992820024490356,1.0001300573349,5193260072
2024-01-31,0.9992240071296692,1.0012379884719849,0.9986680150032043,0.9996179938316345,6028892955
2024-02-01,1.0000989437103271,1.0014389753341675,0.9983590245246887,0.9992240071296692,5220929364
2024-02-02,0.9994710087776184,1.000607967376709,0.9982619881629944,1.000035047531128,3948167363
2024-02-03,0.9997310042381287,1.000022053718567,0.9984139800071716,0.99959397315979,1958655713
2024-02-04,1.0000280141830444,1.0007309913635254,0.9989960193634033,0.9997460246086121,2740589007
2024-02-05,0.9989309906959534,1.0007879734039307,0.9984819889068604,1.0000159740447998,4947893653
2024-02-06,1.0000319480895996,1.0009139776229858,0.9984760284423828,0.9989969730377197,4145394467
2024-02-07,0.9998210072517395,1.0008000135421753,0.9985299706459045,1.0000380277633667,4168930739
2024-02-08,1.0030299425125122,1.0041019916534424,0.9994649887084961,1.0002089738845825,5835242758
2024-02-09,1.0046700239181519,1.006018042564392,1.0018140077590942,1.0030499696731567,8052832355
2024-02-10,1.004863977432251,1.0063680410385132,1.0037870407104492,1.0048229694366455,3375972211
2024-02-11,1.0047980546951294,1.0066050291061401,1.0035480260849,1.0047990083694458,4186377417
2024-02-12,1.0037950277328491,1.0063350200653076,1.0035229921340942,1.0048929452896118,6727858727
2024-02-13,1.0019789934158325,1.0044070482254028,1.0007920265197754,1.00375497341156,5957267412
2024-02-14,1.0016210079193115,1.0033290386199951,1.0001460313796997,1.0019960403442383,6436172168
2024-02-15,1.00075101852417,1.0023139715194702,0.999750018119812,1.001649022102356,7588769292
2024-02-16,1.0005630254745483,1.0023889541625977,0.9995030164718628,1.000836968421936,5675544947
2024-02-17,1.0002520084381104,1.0015710592269897,0.9995110034942627,1.000923991203308,3799354778
2024-02-18,0.9997829794883728,1.0008549690246582,0.9989590048789978,1.0002330541610718,3688124852
2024-02-19,0.9979770183563232,1.000241994857788,0.997655987739563,0.9999629855155945,5614223166
2024-02-20,0.9981560111045837,0.9998379945755005,0.997232973575592,0.9979770183563232,7617424072
2024-02-21,1.0039520263671875,1.0046039819717407,0.9976019859313965,0.9982069730758667,7589566849
2024-02-22,1.001824975013733,1.0046839714050293,1.0006489753723145,1.0039830207824707,6646019059
2024-02-23,1.0018750429153442,1.0034840106964111,1.0002310276031494,1.0015130043029785,5310887956
2024-02-24,1.0017809867858887,1.002864956855774,1.0010069608688354,1.001757025718689,2770704332
2024-02-25,1.0003180503845215,1.0020610094070435,0.9996680021286011,1.0017809867858887,3543865293
2024-02-26,1.0000059604644775,1.0015170574188232,0.9985780119895935,1.0005309581756592,7591891594
2024-02-27,0.9995419979095459,1.0011539459228516,0.9983450174331665,1.0000059604644775,10821815440
2024-02-28,0.9993039965629578,1.0010310411453247,0.997626006603241,0.9994630217552185,16268044592
2024-02-29,0.9976699948310852,0.9993990063667297,0.9951350092887878,0.9990829825401306,16083740779
2024-03-01,0.9988120198249817,1.000115990638733,0.9964290261268616,0.9974650144577026,9880728660
2024-03-02,0.9981579780578613,0.9995890259742737,0.9976969957351685,0.9988970160484314,6162596471
2024-03-03,0.9993739724159241,1.0009809732437134,0.9975709915161133,0.9981170296669006,7164470583
2024-03-04,0.9992280006408691,1.0004249811172485,0.9968299865722656,0.9992640018463135,17210446920
2024-03-05,0.9977189898490906,1.0004689693450928,0.9854270219802856,0.9993029832839966,24781907937
2024-03-06,1.001350998878479,1.0047210454940796,0.9954270124435425,0.9977189898490906,22331618425
2024-03-07,1.0038390159606934,1.005275011062622,0.9999340176582336,1.001350998878479,16789176011
2024-03-08,1.0020860433578491,1.0058629512786865,0.9988629817962646,1.0038390159606934,18875724816
2024-03-09,1.0039680004119873,1.0053739547729492,1.0019840002059937,1.0020829439163208,6852982117
2024-03-10,1.0009750127792358,1.0055170059204102,1.0001169443130493,1.0039680004119873,12475221320
2024-03-11,0.9984689950942993,1.0025520324707031,0.9974460005760193,1.0009750127792358,21105052395
2024-03-12,0.9995179772377014,1.002832055091858,0.9964889883995056,0.9984689950942993,19537316079
2024-03-13,1.0027999877929688,1.003972053527832,0.9982219934463501,0.9995179772377014,15175526128
2024-03-14,0.9999970197677612,1.0047110319137573,0.9971169829368591,1.0027999877929688,17411963576
2024-03-15,1.0005970001220703,1.0130929946899414,0.9968889951705933,0.9999520182609558,21048545890
2024-03-16,0.9978950023651123,1.0021729469299316,0.9962570071220398,1.000594973564148,13548543638
2024-03-17,0.9977629780769348,1.0006539821624756,0.9958990216255188,0.9978950023651123,11809538196
2024-03-18,0.9977890253067017,0.9994739890098572,0.9943649768829346,0.9963520169258118,15869444374
2024-03-19,0.9968580007553101,0.9998239874839783,0.9947370290756226,0.9977890253067017,20659862336
2024-03-20,0.9999030232429504,1.0017050504684448,0.9952849745750427,0.9966840147972107,13397947399
2024-03-21,0.999351978302002,1.002068042755127,0.9970710277557373,0.9999030232429504,9956347144
2024-03-22,0.9978399872779846,1.0015720129013062,0.9966099858283997,0.999351978302002,8978283055
2024-03-23,0.9991880059242249,1.0008879899978638,0.9974499940872192,0.9978399872779846,5636181706
2024-03-24,0.9999480247497559,1.0012019872665405,0.9979119896888733,0.9991880059242249,5664689806
2024-03-25,1.0001499652862549,1.00143301486969,0.9979209899902344,0.9999480247497559,7848771922
2024-03-26,0.9988449811935425,1.0020339488983154,0.9966549873352051,1.0001499652862549,7044846683
2024-03-27,0.9982280135154724,1.001173973083496,0.996159017086029,0.9988449811935425,8555283121
2024-03-28,0.9989150166511536,1.0002859830856323,0.9968219995498657,0.9982280135154724,7340062811
2024-03-29,1.005012035369873,1.0052460432052612,0.9976969957351685,0.9989150166511536,6964416258
2024-03-30,1.006500005722046,1.0090500116348267,1.004228949546814,1.005012035369873,5410469444
2024-03-31,1.0024789571762085,1.0076969861984253,1.0020790100097656,1.006500005722046,4997487512
2024-04-01,0.9972479939460754,1.0042740106582642,0.9971550107002258,1.0024789571762085,8505057853
2024-04-02,0.9988290071487427,1.0013229846954346,0.9967120289802551,0.9972479939460754,11922430801
2024-04-03,0.9996500015258789,1.0015900135040283,0.9963089823722839,0.9988290071487427,9789246059
2024-04-04,1.0076940059661865,1.008057951927185,0.9987170100212097,0.999763011932373,8453444222
2024-04-05,1.0034550428390503,1.0097399950027466,1.0007870197296143,1.007802963256836,8331705725
2024-04-06,1.0024980306625366,1.004891037940979,1.0013229846954346,1.0034550428390503,4852148323
2024-04-07,0.9993399977684021,1.0035879611968994,0.9989399909973145,1.0024980306625366,4739885372
2024-04-08,0.9978139996528625,1.0007610321044922,0.997065007686615,0.9993399977684021,7224141210
2024-04-09,0.998885989189148,1.0012580156326294,0.9964799880981445,0.9978139996528625,10917654050
2024-04-10,1.0007619857788086,1.0016510486602783,0.997189998626709,0.998885989189148,10937614893
2024-04-11,1.0005359649658203,1.0022950172424316,0.998196005821228,1.0007619857788086,7592880999
2024-04-12,1.0029959678649902,1.0065330266952515,0.9997209906578064,1.0005359649658203,11215537236
2024-04-13,1.0023119449615479,1.005329966545105,0.9984210133552551,1.0029970407485962,10512622875
2024-04-14,1.0013840198516846,1.0040889978408813,0.9986839890480042,1.0023119449615479,10413423237
2024-04-15,0.9994369745254517,1.0034090280532837,0.9977269768714905,1.0013450384140015,9278718202
2024-04-16,0.9995239973068237,1.0021159648895264,0.9974330067634583,0.9994639754295349,9227315496
2024-04-17,0.999737024307251,1.0020689964294434,0.9973139762878418,0.9995239973068237,10576841662
2024-04-18,0.9997659921646118,1.00211501121521,0.9972379803657532,0.999737024307251,7843033345
2024-04-19,0.9997730255126953,1.00307297706604,0.9977160096168518,0.9997659921646118,9704031309
2024-04-20,1.0000749826431274,1.0021699666976929,0.9985380172729492,0.9997730255126953,5543987549
2024-04-21,1.0000460147857666,1.0016419887542725,0.998291015625,1.0000749826431274,5375919114
2024-04-22,1.0013530254364014,1.0028740167617798,0.9984210133552551,1.0000460147857666,7669051564
2024-04-23,1.0025609731674194,1.0048860311508179,1.0004719495773315,1.0013530254364014,8770976460
2024-04-24,1.0002360343933105,1.003736972808838,0.9978560209274292,1.0025609731674194,8947911303
2024-04-25,1.0002720355987549,1.0029150247573853,0.9981849789619446,1.0001519918441772,11075573983
2024-04-26,1.0001410245895386,1.0025269985198975,0.9987419843673706,1.0002720355987549,5966332539
2024-04-27,0.9993190169334412,1.0021640062332153,0.9978269934654236,1.0001410245895386,4405105654
2024-04-28,0.9993969798088074,1.0014979839324951,0.9975979924201965,0.9993190169334412,4194052325
2024-04-29,0.9995059967041016,1.0017809867858887,0.9977120161056519,0.9993969798088074,6834410061
2024-04-30,0.9977309703826904,1.0011980533599854,0.9955059885978699,0.9995059967041016,8913349129
2024-05-01,0.9970459938049316,1.0012019872665405,0.9952700138092041,0.9977309703826904,10103244888
2024-05-02,0.9991379976272583,1.0015469789505005,0.9961190223693848,0.9970459938049316,7606727357
2024-05-03,1.0004520416259766,1.0018370151519775,0.9969090223312378,0.9991379976272583,6989442045
2024-05-04,0.9999060034751892,1.0015759468078613,0.9985160231590271,1.0004520416259766,3888837209
2024-05-05,1.0000970363616943,1.001842975616455,0.9982519745826721,0.9999060034751892,3617893875
2024-05-06,0.9996950030326843,1.0025830268859863,0.9987009763717651,1.0000970363616943,6885656078
2024-05-07,1.0003199577331543,1.0022770166397095,0.9984139800071716,0.9996950030326843,7325224043
2024-05-08,0.9998030066490173,1.002213954925537,0.9983950257301331,1.0003199577331543,7994022736
2024-05-09,1.0001460313796997,1.002223014831543,0.9987850189208984,0.9998030066490173,6698689969
2024-05-10,0.9998369812965393,1.0024549961090088,0.998494029045105,1.0001460313796997,6003197986
2024-05-11,1.0002989768981934,1.0018179416656494,0.9991980195045471,0.9998369812965393,3252381446
2024-05-12,1.0002930164337158,1.0020380020141602,0.9990059733390808,1.0002989768981934,3138674249
2024-05-13,1.0004390478134155,1.002676010131836,0.9985089898109436,1.0002930164337158,7316666306
2024-05-14,1.0002009868621826,1.0017809867858887,0.998615026473999,1.0004390478134155,6315215670
2024-05-15,0.9992349743843079,1.0017800331115723,0.9983140230178833,1.0002009868621826,7469365547
2024-05-16,0.9996860027313232,1.001626968383789,0.998553991317749,0.9993000030517578,6175975749
2024-05-17,1.000216007232666,1.0014630556106567,0.9984040260314941,0.9996860027313232,5690904259
2024-05-18,0.999638020992279,1.0016850233078003,0.9988849759101868,1.000216007232666,2887607331
2024-05-19,0.9990540146827698,1.0012619495391846,0.9982669949531555,0.999638020992279,3359872871
2024-05-20,0.9994919896125793,1.0017019510269165,0.9981160163879395,0.9990540146827698,7184213405
2024-05-21,0.9993739724159241,1.0009750127792358,0.9971250295639038,0.9994919896125793,9148505303
2024-05-22,0.9986439943313599,1.000967025756836,0.9967319965362549,0.9993739724159241,8048189202
2024-05-23,0.9987210035324097,1.0008519887924194,0.9969710111618042,0.9986439943313599,10104823134
2024-05-24,0.999504029750824,1.0009440183639526,0.9974899888038635,0.9987210035324097,7350955009
2024-05-25,0.9995570182800293,1.0009870529174805,0.998458981513977,0.999504029750824,3457365020
2024-05-26,0.9989830255508423,1.0008080005645752,0.9978229999542236,0.9995570182800293,4022903721
2024-05-27,0.9988160133361816,1.0010520219802856,0.996982991695404,0.9989830255508423,6696428911
2024-05-28,0.9991269707679749,1.0009870529174805,0.9971200227737427,0.9988160133361816,7224888098
2024-05-29,0.9983800053596497,1.0007580518722534,0.9969940185546875,0.9991269707679749,6650375036
2024-05-30,0.999472975730896,1.0010349750518799,0.9980700016021729,0.9983800053596497,6167565017
2024-05-31,0.9981110095977783,1.0009089708328247,0.9970840215682983,0.99959397315979,6069129164
2024-06-01,0.9990220069885254,0.9994660019874573,0.9978100061416626,0.9981099963188171,2609227284
2024-06-02,0.9990590214729309,1.000548005104065,0.9975950121879578,0.9990220069885254,3573957554
2024-06-03,0.9996770024299622,1.0018229484558105,0.9979919791221619,0.9990590214729309,6463599128
2024-06-04,1.0001269578933716,1.0014959573745728,0.9987559914588928,0.9996770024299622,6521043559
2024-06-05,0.9999169707298279,1.0011099576950073,0.9989489912986755,1.0001269578933716,7100301434
2024-06-06,1.0010130405426025,1.0031239986419678,0.9988960027694702,0.9999169707298279,6933144301
2024-06-07,0.9999690055847168,1.0026129484176636,0.9973059892654419,1.0010130405426025,8489585078
2024-06-08,1.0000779628753662,1.0020060539245605,0.9990820288658142,1.0002069473266602,4002465179
2024-06-09,1.0001970529556274,1.0015380382537842,0.9989780187606812,1.0000540018081665,3105188377
2024-06-10,0.9986550211906433,1.0011299848556519,0.9978920221328735,1.0002089738845825,5024042660
2024-06-11,0.9992240071296692,1.0009020566940308,0.9971219897270203,0.9987769722938538,8064483713
2024-06-12,0.9991520047187805,1.0016909837722778,0.9972280263900757,0.9994189739227295,7079103325
2024-06-13,0.9984490275382996,1.0014359951019287,0.9978169798851013,0.9991130232810974,5774254549
2024-06-14,0.998652994632721,1.0007929801940918,0.9969750046730042,0.9986050128936768,6227962306
2024-06-15,0.998790979385376,1.0000849962234497,0.9978730082511902,0.9986739754676819,3224613344
2024-06-16,0.9988769888877869,0.9998800158500671,0.9979640245437622,0.9987130165100098,2518117086
2024-06-17,0.9999009966850281,1.0012999773025513,0.9973289966583252,0.998878002166748,5844513490
2024-06-18,0.9999759793281555,1.0025060176849365,0.9983100295066833,0.9997230172157288,7781228299
2024-06-19,1.000357985496521,1.001512050628662,0.9986879825592041,0.9995669722557068,4392817874
2024-06-20,0.9995139837265015,1.0020129680633545,0.9984059929847717,1.000357985496521,5227266402
2024-06-21,0.9999949932098389,1.0014350414276123,0.9981510043144226,0.9996640086174011,4922657813
2024-06-22,0.9999600052833557,1.0009839534759521,0.9991520047187805,0.9999859929084778,1423906899
2024-06-23,0.9997169971466064,1.0010379552841187,0.9986410140991211,0.9996349811553955,1681786415
2024-06-24,0.9995610117912292,1.0024230480194092,0.9976040124893188,0.9996659755706787,6687511313
2024-06-25,1.0000770092010498,1.0013010501861572,0.9982960224151611,0.9995710253715515,4636747390
2024-06-26,0.999584972858429,1.0011390447616577,0.9985809922218323,1.0000890493392944,4038049186
2024-06-27,0.9990540146827698,1.0008219480514526,0.998108983039856,0.9994289875030518,3760741348
2024-06-28,0.9983530044555664,1.0005569458007812,0.9974110126495361,0.9991580247879028,4064687419
2024-06-29,0.9987559914588928,1.0000079870224,0.9978500008583069,0.9984560012817383,1673720320
2024-06-30,0.9991210103034973,0.9997119903564453,0.9973379969596863,0.9987789988517761,2521933735
2024-07-01,0.9996060132980347,1.0006970167160034,0.9984139800071716,0.9988409876823425,3884524205
2024-07-02,0.999396026134491,1.0014150142669678,0.9984840154647827,0.9993720054626465,3136921652
2024-07-03,0.9993780255317688,1.0012190341949463,0.9983339905738831,0.9995419979095459,4516253725
2024-07-04,1.0009020566940308,1.0016839504241943,0.9978110194206238,0.9989640116691589,6060414330
2024-07-05,0.9999169707298279,1.00239896774292,0.9968640208244324,0.9991750121116638,7584843310
2024-07-06,1.0000970363616943,1.0016950368881226,0.9985449910163879,1.0000280141830444,3160051097
2024-07-07,0.9993720054626465,1.0020560026168823,0.998835027217865,1.000391960144043,2968019053
2024-07-08,1.0001749992370605,1.0023410320281982,0.9979599714279175,0.9994540214538574,5834583906
2024-07-09,0.9999849796295166,1.0023380517959595,0.9986259937286377,0.9998329877853394,4138739774
2024-07-10,0.9993659853935242,1.0015510320663452,0.9984840154647827,1.0001109838485718,3420146097
2024-07-11,0.999983012676239,1.0024659633636475,0.998753011226654,0.9996100068092346,3744316458
2024-07-12,1.000203013420105,1.0012840032577515,0.9990209937095642,0.9998080134391785,3468827651
2024-07-13,0.9997990131378174,1.0011190176010132,0.998869001865387,1.0001369714736938,1803571882
2024-07-14,1.0009340047836304,1.0021170377731323,0.9987000226974487,0.9998930096626282,2176049177
2024-07-15,1.0010039806365967,1.0023800134658813,0.9994440078735352,1.000938057899475,3879931870
2024-07-16,1.0004379749298096,1.0018399953842163,0.998196005821228,1.0010499954223633,4624897161
2024-07-17,1.0002429485321045,1.0025889873504639,0.9989209771156311,1.0005229711532593,3997420839
2024-07-18,0.9997149705886841,1.0018340349197388,0.9984509944915771,1.0000120401382446,3808337532
2024-07-19,1.0007189512252808,1.0029330253601074,0.9987580180168152,0.9995480179786682,4470371130
2024-07-20,1.0001519918441772,1.0020270347595215,0.9989339709281921,1.0007189512252808,2288680104
2024-07-21,1.0006680488586426,1.0038330554962158,0.9984729886054993,1.0001519918441772,3079458595
2024-07-22,1.0002599954605103,1.0020660161972046,0.9985809922218323,1.0006680488586426,3739259196
2024-07-23,0.9991539716720581,1.0019789934158325,0.9980509877204895,1.0002599954605103,5297905783
2024-07-24,0.9989709854125977,1.0015449523925781,0.9981750249862671,0.9993039965629578,3551949134
2024-07-25,0.9995319843292236,1.0014400482177734,0.996770977973938,0.9989709854125977,5364254768
2024-07-26,0.9998469948768616,1.0022939443588257,0.9983230233192444,0.9995319843292236,3789707708
2024-07-27,0.9998220205307007,1.0024219751358032,0.9981110095977783,0.9998469948768616,3744534935
2024-07-28,0.999692976474762,1.001386046409607,0.9984539747238159,0.9998220205307007,2188102351
2024-07-29,0.9992349743843079,1.001731038093567,0.9980030059814453,0.999692976474762,4760436610
2024-07-30,0.9998319745063782,1.0015100240707397,0.9979699850082397,0.9992349743843079,4049798920
2024-07-31,0.9990329742431641,1.0015699863433838,0.9980390071868896,0.9998319745063782,5719735015
2024-08-01,0.9989050030708313,1.0013439655303955,0.9973120093345642,0.9990350008010864,7608407227
2024-08-02,0.9982100129127502,1.0013669729232788,0.9965109825134277,0.9989050030708313,8148879452
2024-08-03,0.9988200068473816,1.0009499788284302,0.9964309930801392,0.9982100129127502,6173808429
2024-08-04,0.9989879727363586,1.001039981842041,0.9966819882392883,0.9988189935684204,5966669364
2024-08-05,0.9986709952354431,1.0016260147094727,0.9946609735488892,0.9989879727363586,15693624398
2024-08-06,0.9998310208320618,1.002074956893921,0.9965230226516724,0.9986709952354431,9301402846
2024-08-07,0.9989740252494812,1.0018589496612549,0.9969249963760376,0.9998310208320618,8831807277
2024-08-08,0.9991390109062195,1.001649022102356,0.9979590177536011,0.99897700548172,7435752839
2024-08-09,0.9997929930686951,1.001376986503601,0.9977779984474182,0.9991390109062195,5479166649
2024-08-10,0.9996100068092346,1.0018219947814941,0.9983630180358887,0.9997929930686951,2415750614
2024-08-11,0.9984449744224548,1.0018680095672607,0.9977499842643738,0.9996100068092346,3288217746
2024-08-12,0.9992169737815857,1.0014820098876953,0.9975389838218689,0.9984449744224548,5671892728
2024-08-13,1.0002310276031494,1.0026990175247192,0.9984620213508606,0.9992169737815857,4634829200
2024-08-14,1.0010119676589966,1.002498984336853,0.99897700548172,1.0002310276031494,4888164200
2024-08-15,1.000499963760376,1.0024479627609253,0.9988080263137817,1.0010119676589966,6112735977
2024-08-16,1.0009150505065918,1.0041439533233643,0.9992020130157471,1.000499963760376,4583789518
2024-08-17,1.0007439851760864,1.0021799802780151,0.9996619820594788,1.0009150505065918,2126096551
2024-08-18,1.0009839534759521,1.0019450187683105,0.9996669888496399,1.0007439851760864,2462876797
2024-08-19,1.0006550550460815,1.0023870468139648,0.9989259839057922,1.0009839534759521,3878586637
2024-08-20,0.9999390244483948,1.0020370483398438,0.9985510110855103,1.0004609823226929,3667026837
2024-08-21,1.0006129741668701,1.0024280548095703,0.9990209937095642,1.0000710487365723,3887937695
2024-08-22,1.000754952430725,1.0029410123825073,0.9995139837265015,1.0006129741668701,3799919600
2024-08-23,1.0015820264816284,1.002426028251648,0.9988080263137817,1.000754952430725,5031379477
2024-08-24,1.0008529424667358,1.0032379627227783,0.9998459815979004,1.0015820264816284,3282446131
2024-08-25,0.9995049834251404,1.0033550262451172,0.9982820153236389,1.0008529424667358,2645807458
2024-08-26,0.9992480278015137,1.001378059387207,0.9977890253067017,0.9995049834251404,3911225818
2024-08-27,0.9987750053405762,1.0007179975509644,0.9970679879188538,0.9992480278015137,4660381676
2024-08-28,0.9992319941520691,1.0011930465698242,0.9974079728126526,0.9987750053405762,5507180240
2024-08-29,0.9998289942741394,1.0015590190887451,0.9981269836425781,0.9992319941520691,4010144983
2024-08-30,0.9989410042762756,1.0012719631195068,0.9977880120277405,0.9998289942741394,4139678213
2024-08-31,0.9987710118293762,1.000290036201477,0.9982540011405945,0.9989410042762756,1669063747
2024-09-01,0.9993090033531189,1.0014100074768066,0.9977200031280518,0.9987710118293762,2849519755
2024-09-02,0.9992409944534302,1.0016160011291504,0.9974300265312195,0.9993090033531189,3432840591
2024-09-03,0.9984959959983826,1.0009299516677856,0.9972140192985535,0.9992409944534302,3708619521
2024-09-04,0.9990659952163696,1.0007350444793701,0.9967690110206604,0.9984959959983826,4762563105
2024-09-05,0.9985319972038269,1.0005749464035034,0.9975799918174744,0.9990659952163696,4090178719
2024-09-06,0.9984149932861328,1.0009360313415527,0.9962239861488342,0.9985319972038269,6063739804
2024-09-07,0.9982560276985168,1.000128984451294,0.9972479939460754,0.9984149932861328,2146691954
2024-09-08,0.9991499781608582,1.0009809732437134,0.9970189929008484,0.9982560276985168,2245954396
2024-09-09,0.9989449977874756,1.0010260343551636,0.9972320199012756,0.9991499781608582,4326631457
2024-09-10,0.9989659786224365,1.000324010848999,0.9976490139961243,0.9989449977874756,3881768347
2024-09-11,0.9991790056228638,1.0012580156326294,0.997527003288269,0.9989659786224365,4863093312
2024-09-12,0.9997079968452454,1.001373052597046,0.9979709982872009,0.9991790056228638,4318830764
2024-09-13,1.0010119676589966,1.0021040439605713,0.9988200068473816,0.9997079968452454,3999282017
2024-09-14,1.0009169578552246,1.0022410154342651,0.9994109869003296,1.0010119676589966,2093693015
2024-09-15,1.0012860298156738,1.0034630298614502,0.9999819993972778,1.0009169578552246,2584584114
2024-09-16,0.9998679757118225,1.0030080080032349,0.9990329742431641,1.0012860298156738,5149596723
2024-09-17,1.0008070468902588,1.0023260116577148,0.9992870092391968,0.9998679757118225,5251782337
2024-09-18,0.9998729825019836,1.0024579763412476,0.9989719986915588,1.0008070468902588,5613124513
2024-09-19,0.9992309808731079,1.0016260147094727,0.9980890154838562,0.9998729825019836,5497332114
2024-09-20,1.0001059770584106,1.0015629529953003,0.9984269738197327,0.9992309808731079,6304716178
2024-09-21,1.0005079507827759,1.0015039443969727,0.9989479780197144,1.0001059770584106,2457805274
2024-09-22,1.001446008682251,1.003451943397522,0.9995419979095459,1.0005079507827759,3156429421
2024-09-23,1.0000419616699219,1.0029569864273071,0.9989699721336365,1.001446008682251,5426415166
2024-09-24,0.9997860193252563,1.0016709566116333,0.9983969926834106,1.0000419616699219,4663988295
2024-09-25,0.9988669753074646,1.0012129545211792,0.9981380105018616,0.9997860193252563,3621001661
2024-09-26,0.9994360208511353,1.0006459951400757,0.9980030059814453,0.9988669753074646,5008480575
2024-09-27,0.9991790056228638,1.0006239414215088,0.9979339838027954,0.9994360208511353,4313912033
2024-09-28,0.9992049932479858,1.0005580186843872,0.9982560276985168,0.9991790056228638,2217216325
2024-09-29,0.999193012714386,1.0003210306167603,0.9979379773139954,0.9992049932479858,2328786530
2024-09-30,0.9985479712486267,1.0003399848937988,0.9975489974021912,0.999193012714386,5189053549
2024-10-01,0.9986140131950378,1.0012489557266235,0.996936023235321,0.9985479712486267,7760629707
2024-10-02,0.9991239905357361,1.0012669563293457,0.9972860217094421,0.9986140131950378,6897944735
2024-10-03,0.9994239807128906,1.0009829998016357,0.997160017490387,0.9991239905357361,5730228695
2024-10-04,0.9990789890289307,1.0010910034179688,0.9969760179519653,0.9994239807128906,4938311861
2024-10-05,0.9992179870605469,1.00068998336792,0.9979779720306396,0.9990789890289307,2362399544
2024-10-06,0.9995920062065125,1.0001870393753052,0.9979410171508789,0.9992179870605469,2417158579
2024-10-07,0.99897301197052,1.001459002494812,0.9975389838218689,0.9995920062065125,5362036019
2024-10-08,1.0010240077972412,1.0028300285339355,0.9980769753456116,0.99897301197052,5091346459
2024-10-09,1.000182032585144,1.0029070377349854,0.9989370107650757,1.0012990236282349,4499034468
2024-10-10,0.9978150129318237,1.0009609460830688,0.9969069957733154,1.000182032585144,4040446326
2024-10-11,0.9986690282821655,0.9996070265769958,0.9965429902076721,0.9978150129318237,4313914237
2024-10-12,0.9981549978256226,0.9993029832839966,0.9972079992294312,0.9986690282821655,2221978783
2024-10-13,0.9980310201644897,0.9993860125541687,0.9966980218887329,0.9981549978256226,2513074457
2024-10-14,0.9981520175933838,1.0000499486923218,0.9967899918556213,0.9980310201644897,4961276741
2024-10-15,0.9987519979476929,1.0006239414215088,0.9965429902076721,0.9981520175933838,6202011636
2024-10-16,0.9987949728965759,1.0009100437164307,0.9972990155220032,0.9987519979476929,5488262017
2024-10-17,0.9986310005187988,1.0007489919662476,0.997422993183136,0.9987949728965759,4832826558
2024-10-18,0.9989979863166809,1.0004409551620483,0.9976209998130798,0.9986310005187988,4904063400
2024-10-19,0.9991539716720581,1.000120997428894,0.9984670281410217,0.9989979863166809,1875270124
2024-10-20,0.9991000294685364,1.0007070302963257,0.9980490207672119,0.9991539716720581,2594333806
2024-10-21,0.9989609718322754,1.000831961631775,0.9978399872779846,0.9991000294685364,4416753599
2024-10-22,0.9992830157279968,1.0011210441589355,0.9976080060005188,0.9989609718322754,3804622769
2024-10-23,0.9989280104637146,1.0006170272827148,0.9966509938240051,0.9992830157279968,4468775197
2024-10-24,0.9993979930877686,1.0007870197296143,0.9966930150985718,0.998615026473999,4125698090
2024-10-25,0.9979569911956787,1.0005840063095093,0.9963880181312561,0.9993979930877686,5235044835
2024-10-26,0.9986339807510376,1.000195026397705,0.996508002281189,0.9979569911956787,2861229441
2024-10-27,0.9988729953765869,0.9999859929084778,0.9978929758071899,0.9986339807510376,2333892082
2024-10-28,0.9995669722557068,1.001297950744629,0.997052013874054,0.9988729953765869,5137831156
2024-10-29,0.9991850256919861,1.0010420083999634,0.9977779984474182,0.9995669722557068,6198586739
2024-10-30,0.9989740252494812,1.0014009475708008,0.997668981552124,0.9991850256919861,5403480242
2024-10-31,0.9975969791412354,1.0009160041809082,0.9971659779548645,0.9989740252494812,5013493751
2024-11-01,0.9986209869384766,1.0014209747314453,0.9962739944458008,0.9975969791412354,5848897660
2024-11-02,0.9985820055007935,1.000599980354309,0.9977849721908569,0.9986209869384766,2297780772
2024-11-03,0.9987980127334595,1.0006150007247925,0.9972500205039978,0.9985820055007935,4387963301
2024-11-04,0.998645007610321,1.0007580518722534,0.9970099925994873,0.9987980127334595,5970597152
2024-11-05,0.9993460178375244,1.0015560388565063,0.9975990056991577,0.998645007610321,6305143688
2024-11-06,0.9993780255317688,1.0017579793930054,0.9975709915161133,0.9993460178375244,13575213825
2024-11-07,0.999239981174469,1.0020699501037598,0.9978560209274292,0.9996560215950012,8301163367
2024-11-08,1.000331997871399,1.0020610094070435,0.9984830021858215,0.9994469881057739,7930310195
2024-11-09,1.0001389980316162,1.001621961593628,0.9980679750442505,1.000331997871399,4757117174
2024-11-10,0.9996190071105957,1.0019689798355103,0.9967619776725769,1.0001389980316162,10081036800
2024-11-11,0.9989359974861145,1.0018409490585327,0.997422993183136,0.9996190071105957,16444257893
2024-11-12,0.9999960064888,1.0019880533218384,0.9953939914703369,0.9989359974861145,17518502796
2024-11-13,0.9992319941520691,1.001852035522461,0.996628999710083,0.9999960064888,14027338794
2024-11-14,1.0006239414215088,1.003311038017273,0.9970930218696594,0.9992319941520691,11486976571
2024-11-15,1.0014400482177734,1.0041409730911255,0.9987199902534485,1.0006239414215088,8866644675
2024-11-16,1.0013079643249512,1.0032989978790283,0.9991710186004639,1.00114905834198,5403860191
2024-11-17,0.9998469948768616,1.0029879808425903,0.9976469874382019,1.0013079643249512,6982073790
2024-11-18,0.9979230165481567,1.0014489889144897,0.9967989921569824,0.9998469948768616,8517729312
2024-11-19,0.9979619979858398,0.9995489716529846,0.9960229992866516,0.9979230165481567,8384052818
2024-11-20,0.9981679916381836,1.000380039215088,0.9964320063591003,0.9979619979858398,8802095921
2024-11-21,0.9989579916000366,0.999879002571106,0.9965109825134277,0.9981679916381836,11534645007
2024-11-22,0.9990800023078918,1.0003689527511597,0.9966850280761719,0.9989579916000366,9828643230
2024-11-23,0.9981610178947449,1.0009599924087524,0.9969499707221985,0.9990800023078918,7478207592
2024-11-24,0.9980639815330505,0.9999809861183167,0.9957590103149414,0.9981610178947449,8031423400
2024-11-25,0.9976069927215576,1.0001790523529053,0.995822012424469,0.9980639815330505,10899433612
2024-11-26,0.9971209764480591,0.9995329976081848,0.9955049753189087,0.9976069927215576,11488275970
2024-11-27,0.9989550113677979,1.0011340379714966,0.9958779811859131,0.9971209764480591,8921885969
2024-11-28,0.998885989189148,1.0015100240707397,0.9978139996528625,0.9989550113677979,7085224660
2024-11-29,0.9988129734992981,1.0005090236663818,0.9975469708442688,0.998885989189148,6650172477
2024-11-30,0.9991909861564636,1.0002650022506714,0.9979249835014343,0.9988129734992981,5928915525
2024-12-01,0.9988729953765869,1.000324010848999,0.9976140260696411,0.9991909861564636,6159033813
2024-12-02,0.9984660148620605,1.0011149644851685,0.9959139823913574,0.998412013053894,11357425331
2024-12-03,0.9992899894714355,1.0004210472106934,0.995881974697113,0.9985989928245544,10361930975
2024-12-04,0.9998379945755005,1.0023529529571533,0.996720016002655,0.9992899894714355,10316484192
2024-12-05,0.9979209899902344,1.0017470121383667,0.9960219860076904,0.9998379945755005,14020385308
2024-12-06,0.9995089769363403,1.0012389421463013,0.9968469738960266,0.9987810254096985,10152646480
2024-12-07,0.9990149736404419,1.0009770393371582,0.9982439875602722,0.9995089769363403,5673535374
2024-12-08,0.9989650249481201,0.9999110102653503,0.9972659945487976,0.999110996723175,5743073083
2024-12-09,0.9980440139770508,1.000838041305542,0.9955999851226807,0.9989200234413147,12799878043
2024-12-10,0.9992610216140747,1.001304030418396,0.9968249797821045,0.9980440139770508,11276706391
2024-12-11,1.0005450248718262,1.0022939443588257,0.997409999370575,0.9992610216140747,7793322550
2024-12-12,0.9999539852142334,1.0025180578231812,0.9978320002555847,1.0005450248718262,8514692879
2024-12-13,1.0032730102539062,1.0044620037078857,0.9988189935684204,0.9999539852142334,8135190158
2024-12-14,1.0002599954605103,1.0050450563430786,0.9995629787445068,1.0032730102539062,4943485371
2024-12-15,0.9973329901695251,1.001734972000122,0.9965140223503113,1.0002599954605103,5722707285
2024-12-16,0.9985179901123047,1.000169038772583,0.9958230257034302,0.9973329901695251,9166158269
2024-12-17,0.9984049797058105,1.0005459785461426,0.9969710111618042,0.9985179901123047,7553386662
2024-12-18,0.9981070160865784,1.0002820491790771,0.9958360195159912,0.9986429810523987,10002833726
2024-12-19,0.9973899722099304,0.9992700219154358,0.994238018989563,0.9981070160865784,9838983291
2024-12-20,0.9980260133743286,0.9995449781417847,0.9947289824485779,0.9973899722099304,10441575419
2024-12-21,0.9979310035705566,0.999987006187439,0.9961050152778625,0.9980260133743286,5484885930
2024-12-22,0.9971950054168701,0.9999420046806335,0.9955970048904419,0.9979310035705566,4888925267
2024-12-23,1.0021990537643433,1.003836989402771,0.9958159923553467,0.9971950054168701,7886246368
2024-12-24,1.0023349523544312,1.0039039850234985,1.0003139972686768,1.0021990537643433,6710917472
2024-12-25,1.002943992614746,1.0047329664230347,1.0012060403823853,1.0023349523544312,4434766570
2024-12-26,1.0007309913635254,1.0046429634094238,0.9991859793663025,1.002943992614746,5776559300
2024-12-27,0.99993497133255,1.0022109746932983,0.9984809756278992,1.0006239414215088,5465507320
2024-12-28,1.0002449750900269,1.0009629726409912,0.9982280135154724,0.99993497133255,3538237217
2024-12-29,0.999442994594574,1.0013329982757568,0.9984189867973328,1.0002449750900269,3141938557
2024-12-30,0.9983580112457275,1.0012259483337402,0.997044026851654,0.999442994594574,6451539398
2024-12-31,0.9971749782562256,1.000385046005249,0.9965720176696777,0.9983580112457275,5853768140
2025-01-01,0.9974790215492249,0.9981920123100281,0.9952750205993652,0.9971749782562256,3669651597
2025-01-02,0.9971089959144592,0.9997479915618896,0.9954490065574646,0.9974790215492249,5976660465
2025-01-03,0.9978449940681458,0.9988849759101868,0.9958630204200745,0.9971089959144592,5969840009
2025-01-04,0.9983839988708496,0.9999210238456726,0.9968900084495544,0.9978449940681458,3553180267
2025-01-05,0.9982389807701111,0.9997559785842896,0.9967759847640991,0.9983839988708496,3436154605
2025-01-06,0.9992250204086304,1.000741958618164,0.99686598777771,0.9982389807701111,5941721311
2025-01-07,0.9983580112457275,1.0004030466079712,0.9963529706001282,0.9993799924850464,7235356788
2025-01-08,0.9983850121498108,1.0003399848937988,0.9963489770889282,0.9983580112457275,8537905057
2025-01-09,0.9990180134773254,1.0010329484939575,0.996757984161377,0.9983850121498108,7511143570
2025-01-10,0.999563992023468,1.0014430284500122,0.9973779916763306,0.9990180134773254,7360826466
2025-01-11,0.9994400143623352,1.0005110502243042,0.9981060028076172,0.999563992023468,2970247234
2025-01-12,0.9991369843482971,1.0004210472106934,0.9980419874191284,0.9994400143623352,3319612020
2025-01-13,0.9994400143623352,1.0008879899978638,0.9967020153999329,0.9991369843482971,9188615900
2025-01-14,0.999800980091095,1.0012359619140625,0.998091995716095,0.9994400143623352,6274886961
2025-01-15,0.9996690154075623,1.0020029544830322,0.9981020092964172,0.999800980091095,6992995542
2025-01-16,0.9995549917221069,1.001350998878479,0.9979869723320007,1.0001490116119385,8874796247
2025-01-17,0.9996539950370789,1.0015679597854614,0.9983189702033997,0.9995549917221069,8698551309
2025-01-18,0.9983919858932495,1.0008209943771362,0.9970369935035706,0.9996560215950012,9105062659
2025-01-19,0.9982420206069946,1.0002789497375488,0.9954270124435425,0.9983919858932495,13429504521
2025-01-20,0.9978209733963013,1.0006829500198364,0.9951980113983154,0.9982420206069946,15307207319
2025-01-21,0.9999790191650391,1.0016850233078003,0.9960100054740906,0.9978209733963013,9881598236
2025-01-22,0.9994590282440186,1.0013600587844849,0.9977009892463684,0.9999790191650391,6964041427
2025-01-23,0.9998589754104614,1.001744031906128,0.9974650144577026,0.9993879795074463,9944438060
2025-01-24,0.9992949962615967,1.0010969638824463,0.9977539777755737,0.999567985534668,7126062329
2025-01-25,0.9997069835662842,1.0003119707107544,0.9981099963188171,0.9992949962615967,3517377014
2025-01-26,0.9995689988136292,1.0016909837722778,0.9984470009803772,0.9998440146446228,3306034575
2025-01-27,1.0001939535140991,1.00198495388031,0.9974930286407471,0.9995710253715515,11885715000
2025-01-28,0.9991040229797363,1.0016789436340332,0.9977669715881348,1.0001939535140991,7124086158
2025-01-29,0.9993540048599243,1.0012940168380737,0.9975529909133911,0.9991040229797363,6883603188
2025-01-30,0.9995489716529846,1.0008529424667358,0.9980499744415283,0.9996230006217957,5418159142
2025-01-31,0.999422013759613,1.001265048980713,0.997983992099762,0.9995489716529846,6842363216
2025-02-01,0.9992200136184692,1.0011179447174072,0.9976959824562073,0.9994860291481018,4058466118
2025-02-02,0.9984800219535828,1.0008729696273804,0.9961569905281067,0.9992200136184692,9277565067
2025-02-03,1.0001929998397827,1.0031440258026123,0.991936981678009,0.9984800219535828,15760841065
2025-02-04,0.9993669986724854,1.001911997795105,0.9977409839630127,1.0001920461654663,10810369909
2025-02-05,0.9990339875221252,1.0011240243911743,0.9977290034294128,0.9993659853935242,6486681348
2025-02-06,0.9994549751281738,1.0013500452041626,0.9978860020637512,0.9990339875221252,5485293561
2025-02-07,0.9991390109062195,1.001520037651062,0.9976459741592407,0.9994549751281738,6995373833
2025-02-08,0.9992380142211914,1.0004169940948486,0.9978470206260681,0.9991390109062195,3627473854
2025-02-09,0.9989849925041199,1.0010650157928467,0.997626006603241,0.999235987663269,3826513125
2025-02-10,0.9993280172348022,1.0011149644851685,0.9974600076675415,0.9989849925041199,5243239836
2025-02-11,0.9990410208702087,1.001060962677002,0.9975889921188354,0.9993280172348022,5817133526
2025-02-12,0.9996640086174011,1.0009390115737915,0.9975929856300354,0.9990019798278809,6947713837
2025-02-13,0.9991509914398193,1.0009299516677856,0.9977239966392517,0.9996640086174011,5459635989
2025-02-14,0.9992039799690247,1.0007959604263306,0.9976570010185242,0.9991509914398193,5060596022
2025-02-15,0.9993399977684021,1.000823974609375,0.9982439875602722,0.9992390275001526,2709761398
2025-02-16,0.9988909959793091,1.0005689859390259,0.9979860186576843,0.9993500113487244,2657680186
2025-02-17,0.9986249804496765,1.0006860494613647,0.997340977191925,0.9988840222358704,4867099116
2025-02-18,0.9986479878425598,1.0007669925689697,0.9973809719085693,0.9986249804496765,6051691076
2025-02-19,0.9987589716911316,1.000035047531128,0.9976459741592407,0.9986479878425598,4776387791
2025-02-20,0.9989539980888367,1.0003340244293213,0.9977200031280518,0.9987459778785706,6162272277
2025-02-21,0.9974830150604248,1.0006099939346313,0.9957690238952637,0.9989539980888367,9266368029
2025-02-22,0.998894989490509,0.9993379712104797,0.9972320199012756,0.9974259734153748,4621665846
2025-02-23,0.9984409809112549,0.9998890161514282,0.9971989989280701,0.9988970160484314,4136828679
2025-02-24,0.9984599947929382,1.0006680488586426,0.9970160126686096,0.9984670281410217,9596089152
2025-02-25,0.9995219707489014,1.0022759437561035,0.9964389801025391,0.9983450174331665,12115280001
2025-02-26,0.99857097864151,1.001039981842041,0.9962819814682007,0.9991369843482971,9417401869
2025-02-27,0.9968969821929932,0.9996629953384399,0.9952110052108765,0.9985769987106323,7494364747
2025-02-28,0.9984700083732605,0.9998670220375061,0.9951959848403931,0.996845006942749,11081171783
2025-03-01,0.9983400106430054,0.9997659921646118,0.9968330264091492,0.9984809756278992,5528601102
2025-03-02,0.9994339942932129,1.0013740062713623,0.9971449971199036,0.9983530044555664,9468857995
2025-03-03,0.9974240064620972,1.0004249811172485,0.9960160255432129,0.9994940161705017,10796723704
2025-03-04,0.9983369708061218,1.000411033630371,0.9959459900856018,0.9978740215301514,10567773753
2025-03-05,0.9984109997749329,1.0002729892730713,0.9972710013389587,0.9983369708061218,8464544707
2025-03-06,0.9987750053405762,1.000648021697998,0.9973220229148865,0.9984599947929382,8213565815
2025-03-07,0.9985139966011047,1.0011299848556519,0.9970890283584595,0.9988099932670593,7935426198
2025-03-08,0.9985380172729492,1.0004630088806152,0.9974279999732971,0.9984539747238159,3413399878
2025-03-09,0.9980059862136841,1.000372052192688,0.9972000122070312,0.998520016670227,4873104148
2025-03-10,0.9978010058403015,1.0000300407409668,0.9960579872131348,0.9979919791221619,8949887314
2025-03-11,0.998104989528656,1.0001909732818604,0.9957489967346191,0.9976549744606018,8546883376
2025-03-12,0.9980980157852173,1.0003809928894043,0.9965590238571167,0.998104989528656,6104858885
2025-03-13,0.9981709718704224,0.9996920228004456,0.9972010254859924,0.9981899857521057,5476243997
2025-03-14,0.998790979385376,1.000022053718567,0.9973379969596863,0.9981799721717834,4319182421
2025-03-15,0.9985899925231934,0.9997640252113342,0.997635006904602,0.998769998550415,2289455214
2025-03-16,0.9985629916191101,1.0002690553665161,0.9970790147781372,0.9987149834632874,2920960500
2025-03-17,0.9990270137786865,1.0002720355987549,0.99720698595047,0.998540997505188,4138188107
2025-03-18,0.9987429976463318,1.000072956085205,0.9977229833602905,0.9990289807319641,4070586318
2025-03-19,0.9996010065078735,1.0003939867019653,0.9976789951324463,0.9987369775772095,5800105446
2025-03-20,0.9998070001602173,1.001451015472412,0.9983350038528442,0.9996039867401123,5188651735
2025-03-21,0.9992730021476746,1.0006879568099976,0.9985929727554321,0.9998260140419006,4528399129
2025-03-22,0.9987940192222595,1.0000059604644775,0.998445987701416,0.9992600083351135,2088015491
2025-03-23,0.9986389875411987,0.9994959831237793,0.9976440072059631,0.9987940192222595,2349570842
2025-03-24,0.998445987701416,0.9993759989738464,0.9972180128097534,0.9986389875411987,5673942654
2025-03-25,0.9982590079307556,0.99965900182724,0.9972479939460754,0.998445987701416,5034209065
2025-03-26,0.9985139966011047,0.9995800256729126,0.9975870251655579,0.9982209801673889,4555129675
2025-03-27,0.9997659921646118,1.001183032989502,0.9978309869766235,0.9985060095787048,5353406298
2025-03-28,0.9991949796676636,1.0022250413894653,0.997294008731842,0.9997950196266174,6609733834
2025-03-29,0.9989010095596313,1.0007630586624146,0.997759997844696,0.9991949796676636,4496451232
2025-03-30,0.9982820153236389,0.9996439814567566,0.9973099827766418,0.9987069964408875,2866804547
2025-03-31,0.99822598695755,0.9997569918632507,0.996832013130188,0.9982569813728333,5619985365
2025-04-01,0.998199999332428,0.9995660185813904,0.9971439838409424,0.9982439875602722,5369729285
2025-04-02,0.9863899946212769,0.9993630051612854,0.8811100125312805,0.9982050061225891,7400720628
2025-04-03,0.9941490292549133,0.9966269731521606,0.9841740131378174,0.9863899946212769,3350233543
2025-04-04,0.9955719709396362,0.9974439740180969,0.9933199882507324,0.9941490292549133,4152961854
2025-04-05,0.9949730038642883,0.9964780211448669,0.9942790269851685,0.9955670237541199,1348525533
2025-04-06,0.9954100251197815,0.9972890019416809,0.9931610226631165,0.9949920177459717,2401146723
2025-04-07,0.9978269934654236,0.9997130036354065,0.9936460256576538,0.9953929781913757,6379320078
2025-04-08,0.9974690079689026,0.9996650218963623,0.9958379864692688,0.9978269934654236,4651874759
2025-04-09,0.998760998249054,1.0007309913635254,0.9956750273704529,0.9974669814109802,3827270283
2025-04-10,0.9987180233001709,1.0002169609069824,0.9971579909324646,0.9986910223960876,3220373201
2025-04-11,0.9988369941711426,1.0008339881896973,0.9965490102767944,0.9987239837646484,2230019851
2025-04-12,0.9982370138168335,0.9994630217552185,0.997098982334137,0.9988369941711426,1840505858
2025-04-13,0.9979479908943176,0.9996430277824402,0.996770977973938,0.9982569813728333,2151958782
2025-04-14,0.9975829720497131,0.9991009831428528,0.9960190057754517,0.9979259967803955,2560440882
2025-04-15,0.9982500076293945,0.9993839859962463,0.9967430233955383,0.9975529909133911,2567976849
2025-04-16,0.9981290102005005,0.9996989965438843,0.9967659711837769,0.99822998046875,2883076155
2025-04-17,0.9989500045776367,0.999642014503479,0.9971200227737427,0.9981309771537781,2288788622
2025-04-18,0.9987949728965759,0.9996610283851624,0.9980930089950562,0.9989519715309143,1209604705
2025-04-19,0.9983749985694885,0.9996830224990845,0.9975789785385132,0.9987949728965759,1162985642
2025-04-20,0.9984250068664551,0.9996920228004456,0.997340977191925,0.9983749985694885,1819869757
2025-04-21,0.9980869889259338,1.000241994857788,0.9969859719276428,0.9984260201454163,2893455504
2025-04-22,0.9986439943313599,1.0008490085601807,0.9966279864311218,0.9980459809303284,3536927767
2025-04-23,0.9986889958381653,1.0007970333099365,0.9969019889831543,0.9986929893493652,4074391454
2025-04-24,0.9987480044364929,0.9997950196266174,0.9970539808273315,0.9986940026283264,2978861700
2025-04-25,0.9988139867782593,0.9999930262565613,0.9972720146179199,0.9987480044364929,3881560212
2025-04-26,0.998524010181427,0.9995909929275513,0.9974660277366638,0.9987059831619263,2329617043
2025-04-27,0.9981549978256226,1.000040054321289,0.9979230165481567,0.998524010181427,2265409382
2025-04-28,0.9987490177154541,0.99993497133255,0.9975950121879578,0.9982500076293945,3521077611
2025-04-29,0.9987620115280151,0.9998559951782227,0.9979649782180786,0.9987030029296875,2606984155
2025-04-30,0.9985740184783936,1.0002009868621826,0.9971309900283813,0.9987919926643372,2558816113
2025-05-01,0.9986310005187988,0.9998310208320618,0.997514009475708,0.9985960125923157,2456450887
2025-05-02,0.9986550211906433,0.9995620250701904,0.9972659945487976,0.9987630248069763,3440736716
2025-05-03,0.9984179735183716,0.9999619722366333,0.9980850219726562,0.998649001121521,1171129953
2025-05-04,0.9982830286026001,0.9994680285453796,0.9975900053977966,0.998412013053894,1735299762
2025-05-05,0.9990919828414917,0.9998189806938171,0.9976459741592407,0.9982830286026001,2664995210
2025-05-06,0.9990339875221252,1.0003750324249268,0.9982450008392334,0.9991000294685364,3057757401
2025-05-07,0.9985650181770325,0.9997950196266174,0.9974660277366638,0.9989789724349976,2162333950
2025-05-08,0.9987090229988098,0.9999489784240723,0.9970840215682983,0.9986330270767212,3658285568
2025-05-09,0.9986010193824768,1.0000029802322388,0.9970909953117371,0.9986019730567932,3945140327
2025-05-10,0.9984639883041382,1.00006902217865,0.9970070123672485,0.9986060261726379,2688907382
2025-05-11,0.9985629916191101,1.0001120567321777,0.9970129728317261,0.9984570145606995,3462807744
2025-05-12,0.9986640214920044,1.000154972076416,0.9968129992485046,0.998661994934082,4609070224
2025-05-13,0.9987969994544983,1.000391960144043,0.9968900084495544,0.9986640214920044,3669576649
2025-05-14,0.9986169934272766,1.0003249645233154,0.9972929954528809,0.9988089799880981,4520483585
2025-05-15,0.9984509944915771,1.000120997428894,0.9973469972610474,0.9986299872398376,4063707029
2025-05-16,0.9986230134963989,1.0001330375671387,0.9969289898872375,0.9984239935874939,4161729918
2025-05-17,0.9985290169715881,1.0003130435943604,0.9969800114631653,0.9986839890480042,2767924286
2025-05-18,0.9986670017242432,1.0008889436721802,0.9969509840011597,0.9985250234603882,3926254706
2025-05-19,0.998386025428772,0.9999380111694336,0.9963110089302063,0.9986670017242432,4246936327
2025-05-20,0.9989230036735535,0.9999359846115112,0.9975370168685913,0.9984700083732605,3575238015
2025-05-21,0.9986540079116821,1.0005019903182983,0.9970809817314148,0.99891597032547,5633568829
2025-05-22,0.9992300271987915,1.0002399682998657,0.9975060224533081,0.9986540079116821,5765656963
2025-05-23,0.9988470077514648,1.0002260208129883,0.9965270161628723,0.9991729855537415,6054732337
2025-05-24,0.9986410140991211,1.000249981880188,0.9972689747810364,0.9988309741020203,2733907259
2025-05-25,0.998449981212616,1.0002750158309937,0.9971889853477478,0.9986410140991211,3883304075
2025-05-26,0.9981409907341003,0.9996119737625122,0.9966620206832886,0.9984750151634216,3453843729
2025-05-27,0.9982200264930725,0.9998109936714172,0.9969789981842041,0.9981409907341003,4843133540
2025-05-28,0.9981669783592224,0.9990940093994141,0.9968649744987488,0.9982630014419556,4161768066
2025-05-29,0.9980289936065674,0.9996050000190735,0.9967430233955383,0.9981600046157837,5917492542
2025-05-30,0.9979950189590454,0.9995260238647461,0.9968180060386658,0.9980700016021729,6162856214
2025-05-31,0.9985190033912659,0.9998210072517395,0.9971429705619812,0.9982069730758667,3241974197
2025-06-01,0.9985319972038269,0.9998229742050171,0.9973649978637695,0.9985190033912659,2896126102
2025-06-02,0.9984220266342163,0.9995390176773071,0.9969109892845154,0.9985949993133545,4978807963
2025-06-03,0.9984390139579773,0.9994860291481018,0.9972599744796753,0.9984250068664551,4852162299
2025-06-04,0.9983180165290833,0.9992629885673523,0.9974499940872192,0.998445987701416,4796123818
2025-06-05,0.9982990026473999,0.9999989867210388,0.9964399933815002,0.9982990026473999,7476913566
2025-06-06,0.9986209869384766,1.0003390312194824,0.9976419806480408,0.9983289837837219,5381036555
2025-06-07,0.9988200068473816,0.9998379945755005,0.9978790283203125,0.9986400008201599,3304328100
2025-06-08,0.9993079900741577,0.9999340176582336,0.9974570274353027,0.9988420009613037,2997814647
2025-06-09,0.9991480112075806,0.9999420046806335,0.9978510141372681,0.9993079900741577,5975726757
2025-06-10,0.9989280104637146,1.0003520250320435,0.9975129961967468,0.9991480112075806,7821531163
2025-06-11,0.998537003993988,0.999692976474762,0.9968410134315491,0.9989280104637146,7235110479
2025-06-12,0.9982560276985168,0.9998260140419006,0.99686598777771,0.998537003993988,6803748248
2025-06-13,0.9983450174331665,0.9996119737625122,0.9967899918556213,0.998278021812439,8595929101
2025-06-14,0.9985489845275879,0.9994549751281738,0.9972959756851196,0.9982690215110779,3336872102
2025-06-15,0.9981920123100281,0.9993749856948853,0.997422993183136,0.9985489845275879,3881143375
2025-06-16,0.9986870288848877,1.0001360177993774,0.997169017791748,0.9981920123100281,6083284548
2025-06-17,0.9981639981269836,1.00006103515625,0.9971479773521423,0.9986870288848877,6931720575
2025-06-18,0.9982389807701111,0.9994999766349792,0.9963930249214172,0.9982029795646667,5258699318
2025-06-19,0.9978470206260681,0.9996050000190735,0.9969940185546875,0.9982389807701111,3597571978
2025-06-20,0.9981120228767395,0.9995229840278625,0.9966250061988831,0.9979950189590454,5458634835
2025-06-21,0.9977560043334961,0.9991139769554138,0.9966470003128052,0.9981120228767395,3645771244
2025-06-22,0.998054027557373,0.9995740056037903,0.9965469837188721,0.9977560043334961,6857512744
2025-06-23,0.9996939897537231,1.0006309747695923,0.9970880150794983,0.998054027557373,7874746255
2025-06-24,0.9987019896507263,1.0002069473266602,0.9975110292434692,0.9996939897537231,5331104109
2025-06-25,0.9986940026283264,0.9993870258331299,0.997560977935791,0.9987019896507263,4673891732
2025-06-26,0.9983869791030884,0.9993190169334412,0.997393012046814,0.9986519813537598,4262984433
2025-06-27,0.9984189867973328,0.9992570281028748,0.9974179863929749,0.9983869791030884,4107228035
2025-06-28,0.9982630014419556,0.9987679719924927,0.9973239898681641,0.9984189867973328,1384241785
2025-06-29,0.9982960224151611,0.9990509748458862,0.9969580173492432,0.9982630014419556,1943116680
2025-06-30,0.9984639883041382,0.9993150234222412,0.997169017791748,0.9983239769935608,4119418351
2025-07-01,0.9980940222740173,0.999226987361908,0.9976630210876465,0.9984369874000549,4882729717
2025-07-02,0.9985319972038269,0.9999020099639893,0.997527003288269,0.9980940222740173,5718130466
2025-07-03,0.9983149766921997,0.9997900128364563,0.9975829720497131,0.9985319972038269,6285405121
2025-07-04,0.9982699751853943,0.9996039867401123,0.9971820116043091,0.9983149766921997,4462775846
2025-07-05,0.998183012008667,0.998691976070404,0.9976639747619629,0.9982699751853943,2029998327
2025-07-06,0.9982479810714722,0.9992619752883911,0.9973539710044861,0.998183012008667,2956274647
2025-07-07,0.9982560276985168,0.9990010261535645,0.9973970055580139,0.9982479810714722,6270138929
2025-07-08,0.9984660148620605,0.9990010261535645,0.9970909953117371,0.9982560276985168,5162022729
2025-07-09,0.999131977558136,1.000391960144043,0.9972130060195923,0.9984660148620605,6657520677
2025-07-10,0.998183012008667,1.000148057937622,0.9966750144958496,0.999131977558136,8049529036
2025-07-11,0.998212993144989,0.999364972114563,0.996874988079071,0.9982069730758667,10525035887
2025-07-12,0.9984109997749329,0.9996299743652344,0.9968129992485046,0.998212993144989,5109932998
2025-07-13,0.9983900189399719,0.9993699789047241,0.997052013874054,0.9984109997749329,5262931618
2025-07-14,0.998009979724884,0.9992460012435913,0.9966620206832886,0.9983900189399719,11296379711
2025-07-15,0.9980660080909729,0.9992470145225525,0.9963759779930115,0.998009979724884,10758051024
2025-07-16,0.9984380006790161,0.9997079968452454,0.9970530271530151,0.9980660080909729,8787744150
2025-07-17,0.9983279705047607,0.9997469782829285,0.9971669912338257,0.9984380006790161,9468782586
2025-07-18,0.998166024684906,0.9996150135993958,0.9968630075454712,0.9983279705047607,11152694354
2025-07-19,0.9981499910354614,0.9991220235824585,0.9972079992294312,0.9981610178947449,4681196169
2025-07-20,0.9978709816932678,0.9991829991340637,0.9968940019607544,0.9982349872589111,7229278081
2025-07-21,0.9977980256080627,0.999144971370697,0.9970239996910095,0.9978709816932678,9117408666
2025-07-22,0.9984819889068604,0.9998120069503784,0.9966999888420105,0.9977980256080627,11417380686
2025-07-23,0.9982870221138,1.000175952911377,0.996944010257721,0.9984819889068604,10558328735
2025-07-24,0.9985600113868713,0.9997450113296509,0.9967820048332214,0.9983890056610107,10262837338
2025-07-25,0.9981240034103394,0.9991220235824585,0.9966959953308105,0.9985520243644714,11838535910
2025-07-26,0.9983959794044495,0.9993339776992798,0.9976080060005188,0.9981240034103394,3868824101
2025-07-27,0.9985849857330322,0.9992570281028748,0.997186005115509,0.9983959794044495,4888554266
2025-07-28,0.9978629946708679,0.9998059868812561,0.9960929751396179,0.9985849857330322,7219930635
2025-07-29,0.9977220296859741,0.9997550249099731,0.996321976184845,0.9980260133743286,7656410909
2025-07-30,0.9979100227355957,0.9996330142021179,0.9961749911308289,0.9977220296859741,7945361365
2025-07-31,0.9980030059814453,0.9988260269165039,0.9966719746589661,0.99794602394104,7988950477
2025-08-01,0.9973009824752808,0.9992070198059082,0.9960700273513794,0.9981499910354614,11107170349
2025-08-02,0.9975190162658691,0.9986310005187988,0.9965069890022278,0.9973009824752808,5870213554
2025-08-03,0.9980459809303284,0.9989910125732422,0.9965069890022278,0.9975150227546692,4339203212
2025-08-04,0.9982110261917114,0.9992920160293579,0.9971830248832703,0.9980850219726562,6252470276
2025-08-05,0.9979940056800842,0.9992809891700745,0.9963589906692505,0.9982110261917114,6786146948
2025-08-06,0.9983890056610107,0.9995599985122681,0.9966279864311218,0.9979940056800842,5694247257
2025-08-07,0.9984059929847717,0.9993150234222412,0.9966250061988831,0.9983890056610107,6866658833
2025-08-08,0.9977869987487793,0.9997029900550842,0.9972350001335144,0.9984059929847717,7814569951
2025-08-09,0.9980549812316895,0.9993849992752075,0.9968990087509155,0.9977869987487793,5646129379
2025-08-10,0.9984679818153381,0.9995759725570679,0.9970210194587708,0.9980549812316895,6735961226
2025-08-11,0.9979280233383179,0.9996050000190735,0.9963619709014893,0.9984679818153381,11309719693
2025-08-12,0.9983199834823608,0.9995059967041016,0.9965400099754333,0.9979280233383179,9706260781
2025-08-13,0.9984239935874939,0.9992939829826355,0.9967690110206604,0.9983199834823608,9943301330
2025-08-14,0.9982230067253113,0.9995520114898682,0.9961370229721069,0.9984239935874939,12448946434
2025-08-15,0.9982159733772278,0.9997410178184509,0.9966570138931274,0.9982230067253113,8803559670
2025-08-16,0.9983010292053223,0.9993569850921631,0.9970700144767761,0.9982159733772278,4177091537
2025-08-17,0.9982349872589111,1.000038981437683,0.9977610111236572,0.9983010292053223,4604267917
2025-08-18,0.9982349872589111,1.0002559423446655,0.9972720146179199,0.9982349872589111,10660650548
2025-08-19,0.9974600076675415,0.9995399713516235,0.9964770078659058,0.9982349872589111,9256489754
2025-08-20,0.9977560043334961,0.9988570213317871,0.9965959787368774,0.9974949955940247,8859670619
2025-08-21,0.9971230030059814,0.998557984828949,0.9965710043907166,0.9977560043334961,7563402631
2025-08-22,0.9977030158042908,0.9993550181388855,0.9962639808654785,0.9971230030059814,10862170130
2025-08-23,0.9970899820327759,0.9984419941902161,0.996711015701294,0.9977030158042908,4725709136
2025-08-24,0.9975829720497131,0.999114990234375,0.995855987071991,0.9971250295639038,6191660981
2025-08-25,0.9971799850463867,0.9988800287246704,0.9960830211639404,0.9975829720497131,9204395821
2025-08-26,0.9974560141563416,0.9989399909973145,0.9964269995689392,0.9971799850463867,6610943875
2025-08-27,0.9975150227546692,0.9997810125350952,0.9964659810066223,0.9974560141563416,6777178117
2025-08-28,0.9975699782371521,0.9994210004806519,0.9967700242996216,0.9975150227546692,6326691720
2025-08-29,0.9978160262107849,0.9992610216140747,0.9962800145149231,0.9975510239601135,6841332368
2025-08-30,0.997868001461029,0.9987300038337708,0.9970279932022095,0.9978160262107849,3571379087
2025-08-31,0.997734010219574,0.9986860156059265,0.9974290132522583,0.997868001461029,3482215779
2025-09-01,0.9979190230369568,0.999701976776123,0.9966520071029663,0.997734010219574,6735697426
2025-09-02,0.9978070259094238,0.9990299940109253,0.9967420101165771,0.9979190230369568,6725538337
2025-09-03,0.9985569715499878,0.9990000128746033,0.9973490238189697,0.9978070259094238,4980073573
2025-09-04,0.99760502576828,0.9989129900932312,0.9966279864311218,0.9985569715499878,6061673649
2025-09-05,0.9976180195808411,0.9992640018463135,0.9961699843406677,0.99760502576828,7045997403
2025-09-06,0.9978920221328735,0.9985910058021545,0.9972109794616699,0.9976180195808411,2659971251
2025-09-07,0.9978430271148682,0.998462975025177,0.9972910284996033,0.9978920221328735,2902318649
2025-09-08,0.9977949857711792,0.9986580014228821,0.9971929788589478,0.9978430271148682,5658440931
2025-09-09,0.9977480173110962,0.998744010925293,0.9960470199584961,0.9977949857711792,6321129247
2025-09-10,0.9981679916381836,0.9990450143814087,0.9967949986457825,0.9977480173110962,6034121483
2025-09-11,0.9982839822769165,0.9992870092391968,0.99726402759552,0.9981679916381836,6079793890
2025-09-12,0.9986439943313599,0.9996160268783569,0.9970849752426147,0.9982839822769165,6972384169
2025-09-13,0.9984989762306213,0.9995669722557068,0.9973340034484863,0.9986439943313599,4593084193
2025-09-14,0.998432993888855,0.9997239708900452,0.9974049925804138,0.9985349774360657,4368147378
2025-09-15,0.998274028301239,0.9997010231018066,0.9970870018005371,0.998432993888855,6572577075
2025-09-16,0.9981769919395447,0.9993429780006409,0.9972190260887146,0.998274028301239,5996860180
2025-09-17,0.9983090162277222,0.9991409778594971,0.9970260262489319,0.9981769919395447,7356137145
2025-09-18,0.9978500008583069,0.9987999796867371,0.9973080158233643,0.9983090162277222,6340697206
2025-09-19,0.9980490207672119,0.9987300038337708,0.9968709945678711,0.9978500008583069,5357503861
2025-09-20,0.9980930089950562,0.9986739754676819,0.9975429773330688,0.9980490207672119,3032095765
2025-09-21,0.9977139830589294,0.9988589882850647,0.9973840117454529,0.9980930089950562,3268980651
2025-09-22,0.9983270168304443,0.9993090033531189,0.9958909749984741,0.9977139830589294,9241025558
2025-09-23,0.9973049759864807,0.9988600015640259,0.9971410036087036,0.9983270168304443,6222528621
2025-09-24,0.998075008392334,0.9989870190620422,0.9865319728851318,0.9973049759864807,7365628857
2025-09-25,0.9976860284805298,0.999800980091095,0.9966999888420105,0.998075008392334,11056243698
2025-09-26,0.998108983039856,1.0000439882278442,0.9969429969787598,0.9976860284805298,8550015782
2025-09-27,0.9981020092964172,0.9988909959793091,0.9972969889640808,0.998108983039856,3405879257
2025-09-28,0.9980319738388062,0.9990869760513306,0.9965819716453552,0.9981020092964172,4322342539
2025-09-29,0.9984999895095825,0.9991379976272583,0.9971449971199036,0.9980319738388062,6663026270
2025-09-30,0.9978160262107849,0.9994930028915405,0.9971939921379089,0.9984999895095825,7791563073
2025-10-01,0.9981380105018616,0.9988629817962646,0.9969310164451599,0.9978160262107849,7901598415
2025-10-02,0.9987350106239319,0.9994289875030518,0.9975060224533081,0.9981380105018616,7112040079
2025-10-03,0.9981939792633057,0.9995599985122681,0.9970880150794983,0.9987350106239319,7556850302
2025-10-04,0.9980210065841675,0.9986510276794434,0.997389018535614,0.9981939792633057,4084973126
2025-10-05,0.9978200197219849,0.999226987361908,0.9967690110206604,0.9980040192604065,6053316055
2025-10-06,0.9979519844055176,0.9986879825592041,0.9972490072250366,0.9978200197219849,7069055353
2025-10-07,0.998045027256012,0.9993510246276855,0.9964879751205444,0.9979519844055176,8469874791
2025-10-08,0.9977779984474182,0.9989339709281921,0.9971010088920593,0.998045027256012,7089174625
2025-10-09,0.9981470108032227,0.9988880157470703,0.9967100024223328,0.9977779984474182,8628226854
2025-10-10,0.9971060156822205,1.0012710094451904,0.9937760233879089,0.998108983039856,13442481828
2025-10-11,0.9983050227165222,0.999688982963562,0.9946889877319336,0.9971060156822205,7621288016
2025-10-12,0.9988399744033813,0.9997289776802063,0.9969589710235596,0.9982810020446777,9589939230
2025-10-13,0.9986670017242432,0.9997490048408508,0.9965360164642334,0.9989309906959534,8814030222
2025-10-14,0.9977689981460571,0.9993109703063965,0.9964659810066223,0.9986670017242432,10274039901
2025-10-15,0.9980080127716064,0.999409019947052,0.9968879818916321,0.9977689981460571,7197594071
2025-10-16,0.9980080127716064,0.9993389844894409,0.9963489770889282,0.9980080127716064,8762383364
2025-10-17,0.9974920153617859,0.9991649985313416,0.9954389929771423,0.9980080127716064,9175333094
2025-10-18,0.9976720213890076,0.9989169836044312,0.9967359900474548,0.9974920153617859,4324668636
2025-10-19,0.9979619979858398,0.9992420077323914,0.9963269829750061,0.9976720213890076,5017797877
2025-10-20,0.998104989528656,0.9989719986915588,0.996973991394043,0.9979619979858398,7011865924
2025-10-21,0.9982849955558777,0.9997349977493286,0.996999979019165,0.9980599880218506,9148635069
2025-10-22,0.9976800084114075,0.9989659786224365,0.9964359998703003,0.9982849955558777,7509866537
2025-10-23,0.9979329705238342,0.9996700286865234,0.99686199426651,0.9976800084114075,6419099788
2025-10-24,0.9982230067253113,0.9990919828414917,0.9961770176887512,0.9979329705238342,5487284259
2025-10-25,0.9979169964790344,0.998885989189148,0.9970300197601318,0.9982230067253113,2663790881
2025-10-26,0.9979490041732788,0.9992179870605469,0.9967640042304993,0.9979169964790344,4079181916
2025-10-27,0.99788498878479,0.99965900182724,0.9969120025634766,0.9979490041732788,6151847710
2025-10-28,0.9977650046348572,0.9997869729995728,0.9969879984855652,0.99788498878479,6362472782
2025-10-29,0.997967004776001,1.000249981880188,0.9967809915542603,0.9977650046348572,6050476944
2025-10-30,0.9975519776344299,0.9992600083351135,0.9961119890213013,0.997967004776001,7313553466
2025-10-31,0.998803973197937,1.0001540184020996,0.9968979954719543,0.9975519776344299,6263483764
2025-11-01,0.9989190101623535,1.0009210109710693,0.9987099766731262,0.998803973197937,2514380294
2025-11-02,0.9975500106811523,0.999330997467041,0.9970939755439758,0.9989190101623535,3035627693
2025-11-03,0.9972530007362366,0.9989799857139587,0.9964849948883057,0.9975500106811523,7015435577
2025-11-04,0.9973940253257751,0.9989410042762756,0.9954059720039368,0.9972530007362366,9351797302
2025-11-05,0.9974930286407471,0.9981930255889893,0.995730996131897,0.9973940253257751,6561996402
2025-11-06,0.9968879818916321,0.9982969760894775,0.9960960149765015,0.9974930286407471,5618373391
2025-11-07,0.9974290132522583,0.9983950257301331,0.9955260157585144,0.9968879818916321,5929269198
2025-11-08,0.9971179962158203,0.9980670213699341,0.9961420297622681,0.9974290132522583,3291800328
2025-11-09,0.9978439807891846,0.9988240003585815,0.9963390231132507,0.9971179962158203,3386939460
2025-11-10,0.9973800182342529,0.9984210133552551,0.9964249730110168,0.9978439807891846,4884996225
2025-11-11,0.9970790147781372,0.9987279772758484,0.9965029954910278,0.9973800182342529,5017521149
2025-11-12,0.9974510073661804,0.9993159770965576,0.9962159991264343,0.9970790147781372,4994004214
2025-11-13,0.9968960285186768,0.9987660050392151,0.9957529902458191,0.9974510073661804,7001828899
2025-11-14,0.9961720108985901,0.9986820220947266,0.9950299859046936,0.9968960285186768,7232580494
2025-11-15,0.9966570138931274,0.9978060126304626,0.9952020049095154,0.9961720108985901,3012717604
2025-11-16,0.9963330030441284,0.9983360171318054,0.9956650137901306,0.9966570138931274,4137402525
2025-11-17,0.9963330030441284,0.9981870055198669,0.9946759939193726,0.9963589906692505,6383136551
2025-11-18,0.9973739981651306,0.9977899789810181,0.9947540163993835,0.9963330030441284,6975412609
2025-11-19,0.9962970018386841,0.9997270107269287,0.9950960278511047,0.9973739981651306,6076298310
2025-11-20,0.9963669776916504,0.9976509809494019,0.9945909976959229,0.9962970018386841,6459909335
2025-11-21,0.9964330196380615,0.9984019994735718,0.994143009185791,0.9963669776916504,8624930950
2025-11-22,0.9962220191955566,0.9982709884643555,0.9949060082435608,0.9964330196380615,3118838497
2025-11-23,0.996770977973938,0.9980459809303284,0.9956420063972473,0.9962220191955566,3202164623
2025-11-24,0.9969210028648376,0.9981309771537781,0.9951890110969543,0.996770977973938,5673542012
2025-11-25,0.9965670108795166,0.9979339838027954,0.9957240223884583,0.9969009757041931,4620779639
2025-11-26,0.9970920085906982,0.9985550045967102,0.9958410263061523,0.9965670108795166,4819046474
2025-11-27,0.9969949722290039,0.99794602394104,0.9962720274925232,0.9970920085906982,3894406819
2025-11-28,0.9967399835586548,0.9984660148620605,0.9956610202789307,0.9970200061798096,4433956336
2025-11-29,0.9968069791793823,0.9984049797058105,0.9961529970169067,0.9967399835586548,1983239496
2025-11-30,0.996645987033844,0.9976189732551575,0.9961169958114624,0.9968069791793823,2041099574
2025-12-01,0.996845006942749,0.9980779886245728,0.9953010082244873,0.996645987033844,5094581666
2025-12-02,0.9977279901504517,0.9988089799880981,0.9963319897651672,0.996845006942749,4180348779
2025-12-03,0.9983479976654053,0.999144971370697,0.9963709712028503,0.9977279901504517,4417774926
2025-12-04,0.9977970123291016,0.9993190169334412,0.9966800212860107,0.9983540177345276,4021189802
2025-12-05,0.9980689883232117,0.9987480044364929,0.996533989906311,0.9977970123291016,4408474093
2025-12-06,0.9983320236206055,0.9988440275192261,0.996550977230072,0.9980689883232117,1970939228
2025-12-07,0.9982579946517944,0.9993590116500854,0.9968479871749878,0.9983320236206055,2947098095
2025-12-08,0.9981560111045837,0.9993069767951965,0.9969559907913208,0.9982579946517944,4092952338
2025-12-09,0.9982230067253113,1.0009640455245972,0.9972749948501587,0.9981560111045837,4658085300
2025-12-10,0.9986069798469543,1.0003609657287598,0.9974650144577026,0.9982230067253113,4897882417
2025-12-11,0.9987480044364929,0.9994770288467407,0.9976209998130798,0.9987670183181763,4600175147
2025-12-12,0.99857497215271,0.9998670220375061,0.9974719882011414,0.9987480044364929,4068934590
2025-12-13,0.9990299940109253,0.9994149804115295,0.9981939792633057,0.99857497215271,1398261148
2025-12-14,0.9987319707870483,0.9999920129776001,0.9977139830589294,0.9990299940109253,2305644561
2025-12-15,0.9986969828605652,1.0000410079956055,0.9972550272941589,0.9987310171127319,4858521842
2025-12-16,0.9989539980888367,1.0003750324249268,0.9971939921379089,0.9986969828605652,4147434672
2025-12-17,0.9991620182991028,1.0010830163955688,0.9974610209465027,0.9989539980888367,4988664235
2025-12-18,0.9985479712486267,1.0003360509872437,0.9971399903297424,0.9991170167922974,4861895298
2025-12-19,0.9988129734992981,1.000501036643982,0.9977369904518127,0.9985479712486267,4721895911
2025-12-20,0.9991509914398193,0.9999899864196777,0.9983620047569275,0.9988129734992981,1263509932
2025-12-21,0.999235987663269,1.001291036605835,0.9977660179138184,0.9991509914398193,1534028638
2025-12-22,0.9989929795265198,1.0009360313415527,0.9980959892272949,0.999235987663269,3384602015
2025-12-23,0.9987429976463318,0.9997619986534119,0.9979739785194397,0.9989929795265198,2855871287
2025-12-24,0.9985870122909546,0.9995909929275513,0.9976770281791687,0.9987429976463318,2286528548
2025-12-25,0.9986600279808044,0.9997990131378174,0.9977719783782959,0.9985870122909546,1670264607
2025-12-26,0.9981679916381836,0.9996299743652344,0.9972839951515198,0.9986600279808044,3169884084
2025-12-27,0.9984220266342163,0.9989150166511536,0.9976540207862854,0.9981679916381836,931217158
2025-12-28,0.9982990026473999,0.9995629787445068,0.9976590275764465,0.9984980225563049,1457977668
2025-12-29,0.9981979727745056,0.9994419813156128,0.9971179962158203,0.9982990026473999,3964029282
2025-12-30,0.9981840252876282,0.9994120001792908,0.9972890019416809,0.9982020258903503,2947656999
2025-12-31,0.9977419972419739,0.9993209838867188,0.9972249865531921,0.9981840252876282,3606938615
2026-01-01,0.9983369708061218,0.9991530179977417,0.9971449971199036,0.9977419972419739,2008512320
2026-01-02,0.9992129802703857,1.00006103515625,0.997501015663147,0.9983369708061218,5071471392
2026-01-03,0.9993669986724854,1.000022053718567,0.9984740018844604,0.9992129802703857,2171391697
2026-01-04,0.9991530179977417,1.0005290508270264,0.9979709982872009,0.9993759989738464,2699301588
2026-01-05,0.9998250007629395,1.0007200241088867,0.998000979423523,0.9991980195045471,4916132380
2026-01-06,0.9994440078735352,1.00034499168396,0.9979860186576843,0.9998250007629395,4880729215
2026-01-07,0.9991750121116638,1.0003260374069214,0.9982190132141113,0.9994440078735352,3831254782
2026-01-08,0.9990379810333252,1.0002470016479492,0.9976710081100464,0.9991750121116638,4188135528
2026-01-09,0.9986540079116821,1.0009369850158691,0.997759997844696,0.9990350008010864,3882339288
2026-01-10,0.9987260103225708,0.9996569752693176,0.997992992401123,0.9986540079116821,1257575601
2026-01-11,0.998835027217865,0.9998660087585449,0.9976829886436462,0.9987260103225708,1700752573
2026-01-12,0.9990339875221252,1.000040054321289,0.9978700280189514,0.998835027217865,3732051157
2026-01-13,0.9998430013656616,1.001809000968933,0.9981420040130615,0.9990339875221252,4204805544
2026-01-14,1.0035170316696167,1.0045809745788574,0.9988160133361816,0.9998430013656616,4870981662
2026-01-15,0.9989839792251587,1.004052996635437,0.9980300068855286,1.0035170316696167,3812473197
2026-01-16,0.9995480179786682,1.0001369714736938,0.9982219934463501,0.9989839792251587,2971787433
2026-01-17,0.9991419911384583,0.9997959733009338,0.9986799955368042,0.9995480179786682,1382425610
2026-01-18,0.9989489912986755,1.0001749992370605,0.9984930157661438,0.9991419911384583,1712384213
2026-01-19,0.9988099932670593,1.0003880262374878,0.9978939890861511,0.9989489912986755,3326764755
2026-01-20,0.998479425907135,0.9993578195571899,0.9981449246406555,0.9988252520561218,3836197120
